reaction	GPR	score	normalized_score
R_13PPDH2	WP_015926678.1	231.9	1.023841059602649
R_1P2CBXLCYCL	spontaneous	0.0	0.0
R_2DHPFALDL	WP_015925252.1	332.4	1.467549668874172
R_3AIBT2	WP_015926606.1	192.2	0.8485651214128035
R_3HAD100	WP_015926447.1	160.6	0.7090507726269315
R_3HAD120	WP_015926447.1	160.6	0.7090507726269315
R_3HAD140	WP_015926447.1	160.6	0.7090507726269315
R_3HAD141	WP_015926447.1	157.9	0.6971302428256071
R_3HAD80	WP_015926447.1	157.9	0.6971302428256071
R_3NUCLE1	WP_015924684.1	160.6	0.7090507726269315
R_3NUCLE2	WP_015924684.1	160.6	0.7090507726269315
R_3NUCLE3	WP_015924684.1	160.6	0.7090507726269315
R_3NUCLE4	WP_015924684.1	160.6	0.7090507726269315
R_3PEPTabcpp	((WP_012634499.1 and WP_012634501.1) or WP_012634499.1 or WP_012634501.1)	123.17999999999999	0.543841059602649
R_4HTHRS	WP_015924948.1	479.9	2.118763796909492
R_4PCPpp	WP_015926301.1	104.0	0.45916114790286977
R_4PEPTabcpp	((WP_012634499.1 and WP_012634501.1) or WP_012634499.1 or WP_012634501.1)	123.5	0.5452538631346578
R_5DGLCNR	(WP_015925139.1 or WP_015926033.1)	164.9	0.7280353200883003
R_5DKGR	WP_015926033.1	164.9	0.7280353200883003
R_5DOAN	WP_015924860.1	131.3	0.5796909492273731
R_AAAN	(WP_015924462.1 and WP_015926789.1 and WP_015926790.1)	144.35	0.6373068432671082
R_AACPS1	WP_015924234.1	47.55	0.20993377483443706
R_AACPS2	WP_015924234.1	47.55	0.20993377483443706
R_AACPS3	WP_015924234.1	47.55	0.20993377483443706
R_AACPS4	WP_015924234.1	47.55	0.20993377483443706
R_AACPS5	WP_015924234.1	47.55	0.20993377483443706
R_AACPS6	WP_015924234.1	47.55	0.20993377483443706
R_AACPS7	WP_015924234.1	47.55	0.20993377483443706
R_AACPS8	WP_015924234.1	47.55	0.20993377483443706
R_AACPS9	WP_015924234.1	47.55	0.20993377483443706
R_AADSACYCL	spontaneous	0.0	0.0
R_AALDCDLsi	spontaneous	0.0	0.0
R_ABTA	WP_015926273.1	369.4	1.630905077262693
R_ACALD	(WP_015924426.1 or WP_015926546.1)	1437.2	6.3452538631346584
R_ACALDt	spontaneous	0.0	0.0
R_ACALDtpp	spontaneous	0.0	0.0
R_ACCOAC	((WP_012634588.1 and WP_015924457.1 and WP_015924459.1) or (WP_015924455.1 and WP_015924456.1 and WP_015924458.1 and WP_015924459.1) or (WP_015924456.1 and WP_015924457.1 and WP_015924458.1 and WP_015924459.1) or (WP_015924457.1 and WP_015924458.1 and WP_015924459.1) or (WP_015924457.1 and WP_015924458.1) or WP_015924457.1 or WP_015925204.1)	336.25	1.4845474613686533
R_ACGApts	WP_015924346.1	27.35	0.1207505518763797
R_ACGK	WP_015926272.1	316.6	1.3977924944812363
R_ACGS	WP_015925544.1	375.6	1.6582781456953644
R_ACHBS	((WP_012634755.1 and WP_015924219.1) or (WP_012634755.1 and WP_015926776.1) or WP_012634755.1 or WP_015924219.1 or WP_015926776.1 or WP_015926777.1)	412.75	1.8222958057395144
R_ACKr	WP_015925578.1	536.6	2.369094922737307
R_ACLS	((WP_012634755.1 and WP_015924219.1) or (WP_012634755.1 and WP_015926776.1) or WP_012634755.1 or WP_015924219.1 or WP_015926776.1 or WP_015926777.1)	616.3	2.720971302428256
R_ACLS_d	WP_015926789.1	276.6	1.2211920529801326
R_ACLSb	WP_015926789.1	138.3	0.6105960264900663
R_ACMANApts	WP_015924346.1	30.05	0.1326710816777042
R_ACNAMt2	WP_041706401.1	136.3	0.601766004415011
R_ACOAD1	(WP_015924507.1 or WP_015925093.1)	252.7	1.1156732891832228
R_ACOAD1f	(WP_015924507.1 or WP_015925093.1)	246.5	1.0883002207505519
R_ACOAD1fr	(WP_015924507.1 or WP_015925075.1 or WP_242651783.1)	288.5	1.2737306843267109
R_ACOAD2	WP_015925093.1	243.0	1.0728476821192052
R_ACOAD20	WP_015924507.1	252.7	1.1156732891832228
R_ACOAD2f	(WP_015924507.1 or WP_015925093.1)	246.5	1.0883002207505519
R_ACOAD3	WP_015925093.1	243.0	1.0728476821192052
R_ACOAD3f	WP_015924507.1	246.5	1.0883002207505519
R_ACOAD4_1	WP_015925093.1	243.0	1.0728476821192052
R_ACOAD4f	WP_015924507.1	246.5	1.0883002207505519
R_ACOAD5_1	WP_015925093.1	243.0	1.0728476821192052
R_ACOAD5f	WP_015924507.1	246.5	1.0883002207505519
R_ACOAD6	WP_015925093.1	243.0	1.0728476821192052
R_ACOAD6f	WP_015924507.1	246.5	1.0883002207505519
R_ACOAD7	WP_015925093.1	243.0	1.0728476821192052
R_ACOAD7f	WP_015924507.1	246.5	1.0883002207505519
R_ACOAD8f	WP_015924507.1	246.5	1.0883002207505519
R_ACOADH2	WP_015924507.1	252.7	1.1156732891832228
R_ACODA	WP_015924541.1	231.1	1.020309050772627
R_ACONT	(WP_015925613.1 or WP_242651798.1)	936.8	4.1359823399558495
R_ACONTa	WP_015925613.1	936.8	4.1359823399558495
R_ACONTb	WP_015925613.1	936.8	4.1359823399558495
R_ACOTA	WP_015926273.1	387.1	1.7090507726269317
R_ACP1_FMN	WP_012634710.1	42.4	0.18719646799116998
R_ACPPAT120	WP_015924234.1	48.35	0.21346578366445917
R_ACPPAT140	WP_015924234.1	48.35	0.21346578366445917
R_ACPPAT141	WP_015924234.1	48.35	0.21346578366445917
R_ACPPAT160	WP_015924234.1	48.35	0.21346578366445917
R_ACPPAT161	WP_015924234.1	48.35	0.21346578366445917
R_ACPPAT180	WP_015924234.1	48.35	0.21346578366445917
R_ACPPAT181	WP_015924234.1	48.35	0.21346578366445917
R_ACPPD	WP_015924192.1	282.0	1.2450331125827814
R_ACPS1	WP_012634485.1	94.0	0.41501103752759383
R_ACS2	WP_012634938.1	780.0	3.443708609271523
R_ACSERHS	WP_012634859.1	182.6	0.8061810154525386
R_ACSERtpp	WP_242651786.1	62.4	0.27549668874172184
R_ACTD2	WP_015926789.1	68.75	0.30353200883002207
R_ACTD_1	WP_015924233.1	261.2	1.1532008830022074
R_ACTNabc	((WP_015924387.1 and WP_015924664.1 and WP_015926020.1) or WP_015924663.1)	224.6	0.9916114790286975
R_ACTNabc1	(WP_015924387.1 and WP_015924664.1 and WP_015926020.1)	81.2	0.35849889624724063
R_ADAPAT	WP_015926273.1	373.6	1.6494481236203091
R_ADCL	WP_015924968.1	197.6	0.8724061810154525
R_ADCPS1	WP_015924791.1	236.5	1.044150110375276
R_ADCPS2	WP_015924791.1	236.5	1.044150110375276
R_ADCS	WP_015926562.1	100.9	0.44547461368653424
R_ADK1	WP_015924321.1	275.4	1.2158940397350992
R_ADK2	WP_015924321.1	275.4	1.2158940397350992
R_ADMDC	WP_015924607.1	87.0	0.3841059602649007
R_ADNCYC	WP_015925895.1	47.8	0.21103752759381897
R_ADOCBIK	WP_015924194.1	181.0	0.7991169977924945
R_ADPRDP	WP_015925219.1	156.8	0.6922737306843267
R_ADPRDP_1	WP_015925219.1	149.8	0.6613686534216336
R_ADPT	(WP_012634860.1 or WP_015925404.1 or WP_015926445.1)	253.8	1.1205298013245033
R_ADSL1r	WP_015924269.1	650.2	2.8706401766004417
R_ADSL2r	WP_015924269.1	650.2	2.8706401766004417
R_ADSS	WP_015925838.1	517.3	2.283885209713024
R_AGDC	WP_015924338.1	62.0	0.2737306843267108
R_AGM3PA	WP_015925625.1	47.8	0.21103752759381897
R_AGM3PApp	WP_015925625.1	47.8	0.21103752759381897
R_AGM4PA	WP_015925625.1	47.8	0.21103752759381897
R_AGM4PApp	WP_015925625.1	47.8	0.21103752759381897
R_AGM4PCPpp	WP_015926301.1	104.0	0.45916114790286977
R_AGMT	WP_015925853.1	304.7	1.3452538631346578
R_AGPAT120	WP_041706631.1	90.9	0.4013245033112583
R_AGPAT141	WP_041706631.1	90.9	0.4013245033112583
R_AGPAT160	WP_041706631.1	90.9	0.4013245033112583
R_AGPAT161	WP_041706631.1	90.9	0.4013245033112583
R_AGPAT180	WP_041706631.1	90.9	0.4013245033112583
R_AGPAT181	WP_041706631.1	90.9	0.4013245033112583
R_AGPOP	WP_015925984.1	654.8	2.8909492273730684
R_AGPR	WP_015926271.1	271.6	1.1991169977924945
R_AGTi	WP_015924698.1	316.2	1.3960264900662251
R_AHCYSNS	WP_015924860.1	142.1	0.627373068432671
R_AHCi	(WP_015924860.1 or WP_015925605.1)	467.6	2.064459161147903
R_AHGDx	WP_015924972.1	83.2	0.3673289183222958
R_AHMMPS_1	WP_015925016.1	186.4	0.8229580573951435
R_AHSERL	(WP_012634859.1 and WP_015925414.1)	356.7	1.5748344370860927
R_AHSERL2	(WP_015925414.1 or WP_015926673.1)	591.3	2.610596026490066
R_AI2abcpp	WP_015924907.1	11.175	0.049337748344370866
R_AI2tpp	WP_015925958.1	44.3	0.1955849889624724
R_AICART	WP_015925618.1	591.3	2.610596026490066
R_AIRC2	WP_015925640.1	152.5	0.673289183222958
R_AIRC3	WP_015925640.1	152.5	0.673289183222958
R_AIRCr	WP_015925622.1	85.3	0.3766004415011037
R_AIRCrb	WP_015925622.1	155.6	0.6869757174392935
R_AKGDH	(WP_015924462.1 or WP_015924470.1)	24.45	0.10794701986754966
R_AKP1	WP_015924453.1	196.1	0.8657836644591611
R_AL4D	WP_015926033.1	164.5	0.7262693156732892
R_ALAALAabcpp	((WP_012634501.1 and WP_015925233.1 and WP_015925234.1) or (WP_012634501.1 and WP_015925234.1) or (WP_015925233.1 and WP_015925234.1) or WP_015925233.1)	129.66	0.5724503311258278
R_ALAALAr	WP_012634735.1	318.2	1.4048565121412804
R_ALAGLUabcpp	((WP_015925233.1 and WP_015925234.1) or WP_015925233.1)	65.17999999999999	0.28777041942604853
R_ALAHISabcpp	((WP_015925233.1 and WP_015925234.1) or WP_015925233.1)	65.17999999999999	0.28777041942604853
R_ALALEUabcpp	((WP_015925233.1 and WP_015925234.1) or WP_015925233.1)	65.17999999999999	0.28777041942604853
R_ALAR	(WP_015924146.1 or WP_015926287.1)	397.9	1.7567328918322296
R_ALATA_D	WP_015924474.1	201.1	0.8878587196467991
R_ALATA_D2	WP_015925146.1	505.0	2.2295805739514347
R_ALATA_L	WP_015925643.1	445.3	1.9660044150110376
R_ALATA_L2	WP_015925146.1	505.0	2.2295805739514347
R_ALATHRabcpp	((WP_015925233.1 and WP_015925234.1) or WP_015925233.1)	65.17999999999999	0.28777041942604853
R_ALATRPabcpp	((WP_015925233.1 and WP_015925234.1) or WP_015925233.1)	65.17999999999999	0.28777041942604853
R_ALAabc	(WP_015924418.1 or WP_015926002.1 or WP_015926003.1 or WP_174258521.1)	321.2	1.418101545253863
R_ALAt4	WP_015925985.1	96.3	0.4251655629139073
R_ALCD19	(WP_015924426.1 or WP_015926546.1)	1437.2	6.3452538631346584
R_ALCD19y	(WP_015925920.1 or WP_015926546.1 or WP_015926568.1)	1437.2	6.3452538631346584
R_ALCD2x	WP_015926546.1	1437.2	6.3452538631346584
R_ALCD2y	WP_015924528.1	196.4	0.8671081677704194
R_ALCD4y	WP_015924598.1	288.5	1.2737306843267109
R_ALDD2y	WP_015926678.1	231.9	1.023841059602649
R_ALDD3y	WP_015926678.1	231.9	1.023841059602649
R_ALGAC1	WP_242651764.1	57.76666666666667	0.2550404709345107
R_ALGAC2	WP_242651764.1	86.65	0.38256070640176604
R_ALGAC3	WP_242651764.1	57.76666666666667	0.2550404709345107
R_ALGAC4	WP_242651764.1	57.76666666666667	0.2550404709345107
R_ALGAC5	WP_242651764.1	57.76666666666667	0.2550404709345107
R_ALKP	(WP_015924214.1 or WP_015924453.1)	196.1	0.8657836644591611
R_ALLPI	WP_015925107.1	177.6	0.7841059602649006
R_ALMPC	WP_015924783.1	374.8	1.6547461368653422
R_ALR2	(WP_015924528.1 or WP_015926568.1)	196.4	0.8671081677704194
R_ALR3	WP_015924528.1	196.4	0.8671081677704194
R_AM3PA	WP_015925625.1	47.8	0.21103752759381897
R_AM4PA	WP_015925625.1	47.8	0.21103752759381897
R_AMANK	WP_015925627.1	80.5	0.3554083885209713
R_AMANK_1	WP_015925722.1	273.5	1.2075055187637969
R_AMAOTr	WP_015926606.1	200.7	0.886092715231788
R_AMID4	WP_015926061.1	146.0	0.6445916114790287
R_AMMQLT8	WP_015924562.1	52.0	0.22958057395143489
R_AMMQT8_2	(WP_015924562.1 or WP_015926175.1)	58.9	0.2600441501103753
R_AMPD2	WP_015924705.1	77.4	0.3417218543046358
R_AMPEP1	WP_015925375.1	303.9	1.3417218543046356
R_AMPEP10	WP_015925375.1	303.9	1.3417218543046356
R_AMPEP11	WP_015925375.1	303.9	1.3417218543046356
R_AMPEP12	WP_015925375.1	303.9	1.3417218543046356
R_AMPEP13	WP_015925375.1	303.9	1.3417218543046356
R_AMPEP14	WP_015925375.1	303.9	1.3417218543046356
R_AMPEP15	WP_015925375.1	303.9	1.3417218543046356
R_AMPEP16	WP_015925375.1	303.9	1.3417218543046356
R_AMPEP17	WP_015925375.1	303.9	1.3417218543046356
R_AMPEP18	WP_015925375.1	303.9	1.3417218543046356
R_AMPEP2	WP_015925375.1	303.9	1.3417218543046356
R_AMPEP3	WP_015925375.1	303.9	1.3417218543046356
R_AMPEP4	WP_015925375.1	303.9	1.3417218543046356
R_AMPEP5	WP_015925375.1	303.9	1.3417218543046356
R_AMPEP6	WP_015925375.1	303.9	1.3417218543046356
R_AMPEP7	WP_015925375.1	303.9	1.3417218543046356
R_AMPEP8	WP_015925375.1	303.9	1.3417218543046356
R_AMPEP9	WP_015925375.1	303.9	1.3417218543046356
R_AMPTASECG	((WP_015924322.1 and WP_015924322.1 and WP_015926703.1) or WP_015925375.1 or WP_015925706.1)	303.9	1.3417218543046356
R_ANPRT	(WP_015926562.1 or WP_015926563.1)	317.0	1.3995584988962473
R_ANS	((WP_015926561.1 and WP_015926562.1) or WP_015926561.1 or WP_015926562.1)	404.4	1.7854304635761589
R_ANS2	((WP_015926561.1 and WP_015926562.1) or WP_015926561.1)	404.4	1.7854304635761589
R_ANTDR	WP_015924249.1	994.6	4.391169977924945
R_AOBUTDs	spontaneous	0.0	0.0
R_AOXHEXCYCL	spontaneous	0.0	0.0
R_AP3S	WP_012634844.1	644.8	2.846799116997792
R_APATr	WP_015926606.1	199.9	0.882560706401766
R_APRAUR	WP_015925457.1	386.7	1.7072847682119205
R_ARABR	WP_015924528.1	196.4	0.8671081677704194
R_ARAI	WP_015924551.1	144.4	0.6375275938189846
R_ARBTpts	WP_015924346.1	30.05	0.1326710816777042
R_ARBabc	(WP_015925555.1 and WP_015925556.1)	103.60000000000001	0.45739514348785876
R_ARBt2r	WP_041706401.1	136.3	0.601766004415011
R_ARBt3ipp	WP_015924438.1	126.7	0.5593818984547462
R_ARGDC	((WP_015924633.1 and WP_015924633.1) or WP_012634609.1 or WP_012634870.1)	539.85	2.3834437086092715
R_ARGDr	WP_015926724.1	436.8	1.928476821192053
R_ARGSL	WP_015924846.1	555.1	2.4507726269315673
R_ARGSS	(WP_015924847.1 or WP_015925382.1)	528.5	2.3333333333333335
R_ARGabc	((WP_015926002.1 and WP_015926004.1) or WP_015924418.1 or WP_015926002.1 or WP_015926003.1 or WP_174258521.1)	321.2	1.418101545253863
R_ARGabcpp	(WP_015925098.1 or WP_174258521.1 or WP_242651801.1)	121.7	0.5373068432671082
R_AROH	WP_012634532.1	187.6	0.8282560706401766
R_ASAD	WP_015926006.1	275.4	1.2158940397350992
R_ASCBpts	WP_015924346.1	15.025	0.0663355408388521
R_ASNN	WP_015925962.1	564.3	2.491390728476821
R_ASNS1	(WP_015925962.1 or WP_049756832.1)	564.3	2.491390728476821
R_ASNS2	WP_015925990.1	446.4	1.9708609271523179
R_ASNabc	(WP_015924418.1 or WP_015926002.1 or WP_015926003.1 or WP_174258521.1)	321.2	1.418101545253863
R_ASNt4	WP_015925985.1	96.3	0.4251655629139073
R_ASO3t4pp	WP_242651811.1	362.5	1.6004415011037527
R_ASO4rt2rpp	WP_015925562.1	307.0	1.3554083885209713
R_ASO4t4pp	WP_242651811.1	362.5	1.6004415011037527
R_ASP1DC	(WP_015924500.1 or WP_015924557.1 or WP_015925250.1)	446.4	1.9708609271523179
R_ASPCT	(WP_015924162.1 or WP_015924166.1)	1320.4	5.829580573951436
R_ASPK	(WP_015924079.1 or WP_015924083.1 or WP_015925189.1)	530.4	2.3417218543046356
R_ASPO1	(WP_015925244.1 or WP_015926819.1)	401.4	1.772185430463576
R_ASPO2	WP_015926819.1	426.4	1.882560706401766
R_ASPO2y	WP_015926819.1	406.0	1.7924944812362031
R_ASPO3	WP_015926819.1	386.3	1.7055187637969096
R_ASPO5	WP_015926819.1	401.4	1.772185430463576
R_ASPO5_2	WP_015926819.1	400.2	1.766887417218543
R_ASPO6	WP_015926819.1	401.4	1.772185430463576
R_ASPTA	WP_015925417.1	455.7	2.0119205298013245
R_ASPTA6	WP_015924698.1	339.3	1.4980132450331127
R_ASPabc	((WP_015926002.1 and WP_015926003.1) or WP_015924418.1 or WP_015926002.1 or WP_015926003.1 or WP_174258521.1)	321.2	1.418101545253863
R_ASPabcpp	((WP_015924690.1 and WP_081436744.1) or WP_015924690.1 or WP_015925098.1)	53.05	0.23421633554083884
R_ASR	WP_015924583.1	62.0	0.2737306843267108
R_ASR2	WP_015924583.1	62.8	0.27726269315673285
R_ATPHs	spontaneous	0.0	0.0
R_ATPPRT	WP_012634829.1	221.5	0.977924944812362
R_ATPS4rpp	WP_012634724.1	76.75	0.33885209713024284
R_BALAALAabcpp	((WP_015925233.1 and WP_015925234.1) or WP_015925233.1)	65.17999999999999	0.28777041942604853
R_BALABALAabcpp	((WP_015925233.1 and WP_015925234.1) or WP_015925233.1)	65.17999999999999	0.28777041942604853
R_BALAGLYabcpp	((WP_015925233.1 and WP_015925234.1) or WP_015925233.1)	65.17999999999999	0.28777041942604853
R_BALALEUabcpp	((WP_015925233.1 and WP_015925234.1) or WP_015925233.1)	65.17999999999999	0.28777041942604853
R_BGLA	(WP_012634655.1 or WP_015925872.1)	387.5	1.7108167770419427
R_BGLApp	WP_012634655.1	345.9	1.5271523178807946
R_BG_CELLB	WP_012634822.1	283.1	1.2498896247240618
R_BLAMDabcpp	((WP_015925233.1 and WP_015925234.1) or WP_015925233.1)	65.17999999999999	0.28777041942604853
R_BNOCA	WP_015926546.1	1437.2	6.3452538631346584
R_BTCOARx	WP_015926546.1	1437.2	6.3452538631346584
R_BTDD_RR	WP_015924472.1	194.1	0.856953642384106
R_BTNt2i	WP_015926579.1	120.6	0.5324503311258277
R_BTS	(WP_015926546.1 or WP_015926568.1)	1437.2	6.3452538631346584
R_BTS_nadph	WP_015926546.1	1377.8	6.083002207505518
R_BUP2	WP_015925187.1	295.8	1.3059602649006623
R_BUPN	WP_015925187.1	295.8	1.3059602649006623
R_BUTSO3abcpp	((WP_012634879.1 and WP_012634880.1 and WP_012634881.1) or WP_015924412.1 or WP_015925751.1)	219.5666666666667	0.9693892568064755
R_BZt	spontaneous	0.0	0.0
R_CA2abc	(WP_015924556.1 or WP_015925883.1)	711.1	3.139514348785872
R_CA2abc1	WP_012634746.1	778.1	3.435320088300221
R_CA2abcpp	WP_015924556.1	403.7	1.7823399558498896
R_CARNabcpp	((WP_015925233.1 and WP_015925234.1) or WP_015925233.1)	65.17999999999999	0.28777041942604853
R_CBMD	spontaneous	0.0	0.0
R_CBPS	((WP_015924165.1 and WP_015924166.1) or (WP_015926274.1 and WP_015926275.1) or WP_015924165.1 or WP_015924166.1 or WP_015926275.1)	864.95	3.8187637969094923
R_CBPS_1	(WP_015924166.1 and WP_015926274.1)	786.15	3.4708609271523176
R_CD2abc1	WP_012634686.1	679.5	3.0
R_CD2abcpp	WP_012634687.1	42.4	0.18719646799116998
R_CD2t4pp	WP_015924432.1	36.975	0.1632450331125828
R_CD2tpp	WP_015924926.1	69.7	0.3077262693156733
R_CD6P	(WP_015925658.1 or WP_015926027.1)	351.3	1.5509933774834437
R_CDGUNPD	(WP_012634646.1 or WP_015924176.1 or WP_015924918.1 or WP_015925342.1 or WP_015925552.1 or WP_015925558.1)	359.4	1.586754966887417
R_CDHG	WP_012634892.1	140.2	0.6189845474613686
R_CDPMEK	WP_012634477.1	278.9	1.231346578366446
R_CELBpts	WP_015924346.1	27.35	0.1207505518763797
R_CELBt2	WP_041706401.1	136.3	0.601766004415011
R_CEPA	WP_015925554.1	1226.1	5.413245033112583
R_CGLYabcpp	((WP_012634501.1 and WP_015925233.1 and WP_015925234.1) or (WP_012634501.1 and WP_015925234.1) or (WP_015925233.1 and WP_015925234.1) or WP_015925233.1)	129.66	0.5724503311258278
R_CHLabc	((WP_015925751.1 and WP_015926674.1 and WP_015926675.1) or WP_012634647.1)	365.79999999999995	1.6150110375275937
R_CHLt3pp	WP_015925864.1	51.6	0.22781456953642384
R_CHOLD3	WP_015926546.1	1377.8	6.083002207505518
R_CHOLSabc_1	WP_012634647.1	36.4	0.1607064017660044
R_CHORM	(WP_012634532.1 or WP_015924949.1 or WP_015925086.1 or WP_015925196.1 or WP_015926242.1)	342.4	1.511699779249448
R_CHORS	WP_015925846.1	305.8	1.3501103752759382
R_CITDAPPD	WP_015925928.1	179.5	0.7924944812362031
R_CMCBTFL	WP_015924753.1	52.36666666666667	0.23119941133186167
R_CMCBTFU	WP_015924753.1	52.36666666666667	0.23119941133186167
R_CMCBTFexs	spontaneous	0.0	0.0
R_CMtexabc	WP_015926608.1	19.266666666666666	0.0850625459896983
R_CO2FO	WP_015926513.1	44.7	0.19735099337748346
R_CO2t	spontaneous	0.0	0.0
R_CO2tex	spontaneous	0.0	0.0
R_CO2tpp	spontaneous	0.0	0.0
R_COBALT2abcpp	WP_012634687.1	42.4	0.18719646799116998
R_COBALT2tpp	WP_015924926.1	69.7	0.3077262693156733
R_COBALTt4pp	WP_015924432.1	36.975	0.1632450331125828
R_COBALTt5	(WP_015924432.1 or WP_015925453.1)	317.8	1.4030905077262694
R_COHG	WP_012634892.1	140.2	0.6189845474613686
R_COabc	((WP_015924329.1 and WP_015924331.1 and WP_015924332.1 and WP_015924771.1 and WP_015924772.1) or (WP_015924771.1 and WP_015924772.1) or (WP_015924773.1 and WP_015924774.1) or WP_012634577.1)	250.66	1.1066666666666667
R_COt_1	spontaneous	0.0	0.0
R_CPGNexs	spontaneous	0.0	0.0
R_CPPPGO	WP_015924405.1	145.6	0.6428256070640176
R_CPPPGO2	(WP_015925432.1 or WP_242651714.1 or WP_242651793.1)	399.1	1.762030905077263
R_CRNDabcpp	WP_015925751.1	37.36666666666667	0.16497424576894776
R_CRNabc	WP_012634647.1	36.4	0.1607064017660044
R_CRNabcpp	WP_015925751.1	37.36666666666667	0.16497424576894776
R_CRO4abcpp	WP_015925751.1	28.3	0.12494481236203091
R_CRTNIH	WP_015924439.1	380.6	1.6803532008830022
R_CS	(WP_015925614.1 or WP_015925986.1)	617.8	2.7275938189845474
R_CSND	WP_015924439.1	403.7	1.7823399558498896
R_CSPMDDC	WP_015924643.1	450.3	1.9880794701986755
R_CSPMDDH	WP_015924642.1	518.8	2.2905077262693156
R_CT6PT	(WP_015925658.1 or WP_015926027.1)	351.3	1.5509933774834437
R_CTBTabc	WP_012634647.1	35.05	0.15474613686534214
R_CTBTabcpp	WP_015925751.1	37.36666666666667	0.16497424576894776
R_CTHG	WP_012634892.1	140.2	0.6189845474613686
R_CTPS1	WP_012634743.1	794.3	3.5068432671081675
R_CTPS2	WP_012634743.1	794.3	3.5068432671081675
R_CU2abcpp	WP_012634687.1	42.4	0.18719646799116998
R_CU2tpp	WP_015924926.1	69.7	0.3077262693156733
R_CUabcpp	WP_015926753.1	26.2	0.11567328918322295
R_CYSDS	WP_015926533.1	376.7	1.6631346578366446
R_CYSS	(WP_012634859.1 or WP_015926534.1)	411.0	1.814569536423841
R_CYSTL	WP_015926533.1	376.7	1.6631346578366446
R_CYSabc	(WP_015924418.1 or WP_015925751.1 or WP_015926002.1 or WP_015926003.1 or WP_174258521.1)	321.2	1.418101545253863
R_CYSabc2pp	WP_242651809.1	44.7	0.19735099337748346
R_CYSabcpp	((WP_015924417.1 and WP_174258521.1) or (WP_015925102.1 and WP_174258521.1))	136.23333333333332	0.6014716703458425
R_CYStpp	WP_242651786.1	62.4	0.27549668874172184
R_CYTBD2pp	WP_242651809.1	20.325	0.08973509933774834
R_CYTD	WP_015924131.1	137.9	0.6088300220750552
R_CYTDK1	WP_015924933.1	508.8	2.24635761589404
R_CYTDK2	WP_015924933.1	508.8	2.24635761589404
R_CYTK1	WP_015925195.1	199.1	0.879028697571744
R_CYTK2	WP_015925195.1	199.1	0.879028697571744
R_CYTOM	WP_015925966.1	164.5	0.7262693156732892
R_Cobalt2abcppI	WP_015924774.1	52.0	0.22958057395143489
R_Cotpp	spontaneous	0.0	0.0
R_Cuabc	WP_015924291.1	771.9	3.4079470198675494
R_Cut1	((WP_015924291.1 and WP_015925181.1) or WP_012634687.1 or WP_015924291.1)	772.7	3.411479028697572
R_DADK	WP_015924321.1	275.4	1.2158940397350992
R_DAGK	WP_015926816.1	178.3	0.78719646799117
R_DAGK120	WP_015924130.1	92.0	0.40618101545253865
R_DAGK140	WP_015924130.1	92.0	0.40618101545253865
R_DAGK160	(WP_012634505.1 or WP_015924130.1)	103.6	0.4573951434878587
R_DAGK161	WP_015924130.1	92.0	0.40618101545253865
R_DAGK180	WP_015924130.1	92.0	0.40618101545253865
R_DAGK181	WP_015924130.1	92.0	0.40618101545253865
R_DAPDA	WP_015924541.1	216.1	0.954083885209713
R_DAPDC	(WP_015925928.1 or WP_015925951.1 or WP_015926602.1)	245.4	1.0834437086092716
R_DAPabcpp	WP_015924417.1	133.3	0.5885209713024283
R_DASYN120	WP_012634903.1	232.3	1.02560706401766
R_DASYN140	WP_012634903.1	232.3	1.02560706401766
R_DASYN160	WP_012634903.1	232.3	1.02560706401766
R_DASYN161	WP_012634903.1	232.3	1.02560706401766
R_DASYN180	WP_012634903.1	232.3	1.02560706401766
R_DASYN181	WP_012634903.1	232.3	1.02560706401766
R_DATCY	WP_015924933.1	508.8	2.24635761589404
R_DATPHs	spontaneous	0.0	0.0
R_DATUP	WP_015924933.1	508.8	2.24635761589404
R_DB4PS	WP_015925455.1	521.9	2.304194260485651
R_DCMPDA	WP_012634713.1	226.5	1.0
R_DCTCP	WP_015924933.1	508.8	2.24635761589404
R_DCTPD	WP_012634713.1	226.5	1.0
R_DCTUP	WP_015924933.1	508.8	2.24635761589404
R_DCYTD	(WP_012634713.1 or WP_015924131.1)	226.5	1.0
R_DDGLK	WP_015926539.1	201.4	0.8891832229580574
R_DDPA	(WP_015925086.1 or WP_015925518.1 or WP_015926242.1)	416.8	1.8401766004415012
R_DDPA_1	WP_015925086.1	340.5	1.5033112582781456
R_DDPGA	(WP_015925138.1 or WP_041707060.1)	250.8	1.1072847682119207
R_DGK1	WP_207635556.1	204.9	0.904635761589404
R_DGNSK	WP_207635556.1	203.8	0.8997792494481237
R_DGTCY	WP_015924933.1	508.8	2.24635761589404
R_DGTUP	WP_015924933.1	508.8	2.24635761589404
R_DGUNC	(WP_015924176.1 or WP_015924907.1 or WP_015925338.1 or WP_015925345.1 or WP_015925746.1 or WP_015925922.1)	359.4	1.586754966887417
R_DHAD1	(WP_012634754.1 or WP_015924769.1)	736.1	3.249889624724062
R_DHAD2	(WP_012634754.1 or WP_015924769.1)	736.5	3.251655629139073
R_DHAD3	WP_015924769.1	378.6	1.6715231788079472
R_DHAK	WP_015924552.1	124.4	0.5492273730684327
R_DHAPT	((WP_015924346.1 and WP_015925105.1) or (WP_015925105.1 and WP_015925106.1) or WP_015925106.1)	106.16666666666667	0.46872700515084625
R_DHBD	(WP_015924233.1 or WP_015925108.1)	261.2	1.1532008830022074
R_DHBSZ3FEabcpp	WP_015926550.1	40.25	0.17770419426048564
R_DHBSZ3FEexs	spontaneous	0.0	0.0
R_DHDPRy	(WP_015924074.1 or WP_015924080.1)	333.6	1.4728476821192054
R_DHDPS	(WP_015924081.1 or WP_015924770.1 or WP_015925079.1)	364.0	1.6070640176600441
R_DHFR	(WP_015924812.1 or WP_015925536.1)	274.6	1.2123620309050773
R_DHFS	WP_015924945.1	372.1	1.6428256070640177
R_DHGLYH	spontaneous	0.0	0.0
R_DHNAOT_1	WP_041706591.1	109.8	0.48476821192052977
R_DHNCOAT	WP_015924958.1	102.1	0.4507726269315673
R_DHNPA_1	WP_015924834.1	160.6	0.7090507726269315
R_DHORD2	WP_015924168.1	155.05	0.6845474613686535
R_DHORD5	(WP_015924167.1 and WP_015924168.1)	252.25	1.1136865342163356
R_DHORDi	(WP_015924167.1 and WP_015924168.1)	239.0	1.055187637969095
R_DHORTS	WP_015924163.1	479.2	2.115673289183223
R_DHPPDA	WP_015925457.1	386.7	1.7072847682119205
R_DHPS	WP_015924832.1	291.6	1.2874172185430464
R_DHPS2	WP_015924832.1	306.2	1.3518763796909492
R_DHPTDCs	spontaneous	0.0	0.0
R_DHPTDCs2	spontaneous	0.0	0.0
R_DHQS	WP_015925307.1	276.9	1.2225165562913907
R_DHQTi	(WP_012634779.1 or WP_015925376.1)	700.7	3.093598233995585
R_DIPEPabc1	(WP_012634499.1 and WP_012634501.1 and WP_012634502.1 and WP_012634503.1)	290.2	1.2812362030905078
R_DIPEPabc10	(WP_012634499.1 and WP_012634501.1 and WP_012634502.1 and WP_012634503.1)	290.2	1.2812362030905078
R_DIPEPabc12	(WP_012634499.1 and WP_012634501.1 and WP_012634502.1 and WP_012634503.1)	290.2	1.2812362030905078
R_DIPEPabc13	(WP_012634499.1 and WP_012634501.1 and WP_012634502.1 and WP_012634503.1)	290.2	1.2812362030905078
R_DIPEPabc14	(WP_012634499.1 and WP_012634501.1 and WP_012634502.1 and WP_012634503.1)	290.2	1.2812362030905078
R_DIPEPabc15	(WP_012634499.1 and WP_012634501.1 and WP_012634502.1 and WP_012634503.1)	290.2	1.2812362030905078
R_DIPEPabc3	(WP_012634499.1 and WP_012634501.1 and WP_012634502.1 and WP_012634503.1)	290.2	1.2812362030905078
R_DIPEPabc8	(WP_012634499.1 and WP_012634501.1 and WP_012634502.1 and WP_012634503.1)	290.2	1.2812362030905078
R_DLYSabcpp	WP_174258521.1	62.2	0.27461368653421636
R_DMATT	WP_015925355.1	260.4	1.1496688741721854
R_DMPPS	WP_015925194.1	580.5	2.562913907284768
R_DNADDP	WP_015926298.1	186.4	0.8229580573951435
R_DNMPPA	(WP_012634682.1 or WP_012634687.1 or WP_012634756.1)	82.8	0.36556291390728474
R_DNTPPA	(WP_012634682.1 or WP_012634687.1 or WP_012634756.1)	82.8	0.36556291390728474
R_DORNabcpp	WP_174258521.1	62.2	0.27461368653421636
R_DPCOAK	(WP_012620729.1 or WP_015925521.1)	139.8	0.6172185430463577
R_DPCOAK_1	WP_015925521.1	133.7	0.5902869757174393
R_DPR	(WP_015925253.1 or WP_015926775.1)	454.1	2.0048565121412802
R_DRIBabc	(WP_015924529.1 and WP_015925109.1 and WP_015925110.1 and WP_174258526.1)	224.725	0.9921633554083885
R_DRPA	WP_015924546.1	259.2	1.1443708609271523
R_DTMPK	WP_012634610.1	169.9	0.7501103752759383
R_DTTGY	WP_015924933.1	508.8	2.24635761589404
R_DTTUP	WP_015924933.1	508.8	2.24635761589404
R_DURIPP	(WP_015924596.1 or WP_015925216.1)	477.2	2.1068432671081676
R_DURIPP_1	(WP_015925216.1 or WP_015926721.1)	452.6	1.998233995584989
R_DUTCP	WP_015924933.1	508.8	2.24635761589404
R_DUTPDP	WP_012634630.1	82.0	0.3620309050772627
R_DUTUP	WP_015924933.1	508.8	2.24635761589404
R_DXPRIi	WP_012634893.1	425.2	1.8772626931567329
R_DXPS	WP_015925353.1	672.2	2.967770419426049
R_D_LACt2pp	WP_015925223.1	104.8	0.4626931567328918
R_E4PD	WP_015925704.1	454.9	2.008388520971302
R_ECTOabcpp	WP_174258521.1	61.725	0.2725165562913907
R_EDA	(WP_015925138.1 or WP_041707060.1)	250.8	1.1072847682119207
R_EDD	WP_012634754.1	736.5	3.251655629139073
R_ENO	WP_015925687.1	610.1	2.6935982339955853
R_ENTERGLCT1	WP_015926529.1	61.6	0.27196467991169976
R_ENTERGLCT2	WP_015926529.1	61.6	0.27196467991169976
R_ETHSO3abcpp	((WP_012634879.1 and WP_012634880.1 and WP_012634881.1) or WP_015924412.1)	219.5666666666667	0.9693892568064755
R_ETOHtrpp	spontaneous	0.0	0.0
R_F1PP	WP_015925642.1	142.9	0.6309050772626932
R_F6PP	WP_015925642.1	142.9	0.6309050772626932
R_FA120ACPHi	WP_015924221.1	123.2	0.5439293598233995
R_FACOAL100t2pp	(WP_015925315.1 or WP_015925889.1 or WP_015926599.1)	723.4	3.193818984547461
R_FACOAL120t2pp	(WP_015925315.1 or WP_015925889.1 or WP_015926599.1)	723.4	3.193818984547461
R_FACOAL140	(WP_015925315.1 or WP_015925933.1)	677.2	2.989845474613687
R_FACOAL140_ISO	(WP_015925315.1 or WP_015925933.1)	677.2	2.989845474613687
R_FACOAL140t2pp	(WP_015925315.1 or WP_015925889.1 or WP_015926599.1)	723.4	3.193818984547461
R_FACOAL141t2pp	(WP_015925315.1 or WP_015925889.1 or WP_015926599.1)	723.4	3.193818984547461
R_FACOAL150_ISO	(WP_015925315.1 or WP_015925933.1)	677.2	2.989845474613687
R_FACOAL150_anteiso	(WP_015925315.1 or WP_015925933.1)	677.2	2.989845474613687
R_FACOAL160	(WP_015925315.1 or WP_015925933.1)	677.2	2.989845474613687
R_FACOAL160_ISO	(WP_015925315.1 or WP_015925933.1)	677.2	2.989845474613687
R_FACOAL160t2pp	(WP_015925315.1 or WP_015925889.1 or WP_015926599.1)	723.4	3.193818984547461
R_FACOAL161	(WP_015925315.1 or WP_015925933.1)	677.2	2.989845474613687
R_FACOAL161t2pp	(WP_015925315.1 or WP_015925889.1 or WP_015926599.1)	723.4	3.193818984547461
R_FACOAL170_ISO	(WP_015925315.1 or WP_015925933.1)	677.2	2.989845474613687
R_FACOAL170_anteiso	(WP_015925315.1 or WP_015925933.1)	677.2	2.989845474613687
R_FACOAL180_2	(WP_015925315.1 or WP_015925933.1)	677.2	2.989845474613687
R_FACOAL180t2pp	(WP_015925315.1 or WP_015925889.1 or WP_015926599.1)	723.4	3.193818984547461
R_FACOAL181	(WP_015925315.1 or WP_015925933.1)	677.2	2.989845474613687
R_FACOAL181t2pp	(WP_015925315.1 or WP_015925889.1 or WP_015926599.1)	723.4	3.193818984547461
R_FACOAL60t2pp	(WP_015925315.1 or WP_015925889.1 or WP_015926599.1)	723.4	3.193818984547461
R_FACOAL80t2pp	(WP_015925315.1 or WP_015925889.1 or WP_015926599.1)	723.4	3.193818984547461
R_FADMQOR	(WP_015925075.1 and WP_242651783.1)	176.79999999999998	0.7805739514348785
R_FADt	WP_012634885.1	203.8	0.8997792494481237
R_FALDtpp	spontaneous	0.0	0.0
R_FALGTHLs	spontaneous	0.0	0.0
R_FAS100	WP_015925799.1	82.05	0.3622516556291391
R_FAS120	WP_015925799.1	82.05	0.3622516556291391
R_FAS140	WP_015925799.1	82.05	0.3622516556291391
R_FAS160	WP_015925799.1	82.05	0.3622516556291391
R_FAS161	WP_015925799.1	82.05	0.3622516556291391
R_FAS180	WP_015925799.1	82.05	0.3622516556291391
R_FAS181	WP_015925799.1	82.05	0.3622516556291391
R_FAS200	WP_015925799.1	82.05	0.3622516556291391
R_FAS80_L	WP_015925799.1	82.05	0.3622516556291391
R_FASm220	WP_015925799.1	326.6	1.4419426048565123
R_FASm240	WP_015925799.1	326.6	1.4419426048565123
R_FASm260	WP_015925799.1	326.6	1.4419426048565123
R_FASm280	WP_015925799.1	326.6	1.4419426048565123
R_FBA	(WP_015925657.1 or WP_015925795.1)	374.0	1.65121412803532
R_FBA2	(WP_015925657.1 or WP_015925795.1)	346.3	1.5289183222958058
R_FBA3	WP_015925657.1	346.3	1.5289183222958058
R_FBACS	(WP_015924499.1 and WP_015924501.1 and WP_015925803.1)	952.2	4.203973509933775
R_FBACabcpp	WP_015925811.1	260.0	1.1479028697571745
R_FBP	(WP_015925642.1 or WP_015925888.1)	156.4	0.6905077262693157
R_FCLPA	WP_015924795.1	119.8	0.5289183222958057
R_FE2Gabcpp	(WP_015924140.1 or WP_015925449.1)	337.0	1.4878587196467992
R_FE2abc	(WP_015924132.1 or WP_015925575.1 or WP_015926067.1 or WP_015926068.1 or WP_015926550.1 or WP_242651819.1)	248.8	1.0984547461368654
R_FE2abcpp	WP_015924140.1	53.5	0.23620309050772628
R_FE2t	(WP_015924132.1 or WP_015924432.1 or WP_015925453.1 or WP_015925575.1 or WP_242651744.1 or WP_242651750.1)	317.8	1.4030905077262694
R_FE2t4pp	WP_015924432.1	36.975	0.1632450331125828
R_FE2tex	WP_015924140.1	53.5	0.23620309050772628
R_FE2tpp	WP_015924926.1	69.7	0.3077262693156733
R_FE3DCITCH	spontaneous	0.0	0.0
R_FE3DCITabcpp	WP_015926550.1	42.275	0.18664459161147903
R_FE3DCITexs	spontaneous	0.0	0.0
R_FE3DHBZSabcpp	WP_015926550.1	40.45	0.17858719646799118
R_FE3Gabcpp	WP_015925449.1	337.0	1.4878587196467992
R_FE3PYOVDL2	spontaneous	0.0	0.0
R_FE3abc	((WP_015924412.1 and WP_015924412.1) or (WP_015926550.1 and WP_015926551.1) or WP_015924690.1 or WP_015926550.1 or WP_015926551.1)	157.55	0.6955849889624725
R_FEENTER2tpp	WP_015924701.1	221.5	0.977924944812362
R_FEENTERabcpp	WP_015926550.1	40.45	0.17858719646799118
R_FEENTERexs	spontaneous	0.0	0.0
R_FEOXAMexs	spontaneous	0.0	0.0
R_FESD1s	spontaneous	0.0	0.0
R_FESD2s	spontaneous	0.0	0.0
R_FGFT_1	WP_015925619.1	200.3	0.884326710816777
R_FMNAT	WP_012634905.1	215.3	0.950551876379691
R_FMNRx	WP_015924103.1	73.2	0.32317880794701986
R_FMNRx2	WP_015924103.1	73.6	0.3249448123620309
R_FMNRy	WP_015924571.1	53.9	0.2379690949227373
R_FMNt	WP_012634885.1	203.8	0.8997792494481237
R_FNRR3	WP_015925729.1	123.2	0.5439293598233995
R_FOLD3	WP_015924832.1	288.1	1.2719646799117
R_FOLR2	WP_015924812.1	185.7	0.8198675496688741
R_FRTT	(WP_015925019.1 or WP_015925355.1)	260.4	1.1496688741721854
R_FRULYSE	WP_015924461.1	56.6	0.24988962472406182
R_FRUpts	WP_015924346.1	20.033333333333335	0.08844738778513614
R_FTHFCL	WP_015925601.1	120.9	0.5337748344370861
R_FTHFLi	WP_012634473.1	747.7	3.3011037527593823
R_FUM	(WP_015925840.1 and WP_015925841.1)	297.35	1.31280353200883
R_G1PACT	(WP_015924489.1 or WP_015926443.1)	146.4	0.6463576158940397
R_G1PP	WP_015925642.1	142.9	0.6309050772626932
R_G1SAT	WP_015924785.1	490.3	2.1646799116997792
R_G2PP	WP_015925888.1	159.5	0.7041942604856513
R_G3PAT120	WP_174258518.1	289.3	1.277262693156733
R_G3PAT160	(WP_015925574.1 or WP_174258518.1)	289.3	1.277262693156733
R_G3PAT161	(WP_015925574.1 or WP_174258518.1)	289.3	1.277262693156733
R_G3PAT180	(WP_015925574.1 or WP_174258518.1)	289.3	1.277262693156733
R_G3PAT181	(WP_015925574.1 or WP_174258518.1)	289.3	1.277262693156733
R_G3PCabcpp	WP_015925874.1	17.225	0.07604856512141281
R_G3PD1ir	WP_015925573.1	334.7	1.4777041942604856
R_G3PD2	WP_015925573.1	361.7	1.5969094922737306
R_G3PEabcpp	WP_015925874.1	17.225	0.07604856512141281
R_G3PGabcpp	WP_015925874.1	17.225	0.07604856512141281
R_G3PIabcpp	WP_015925874.1	17.225	0.07604856512141281
R_G3PSabcpp	WP_015925874.1	17.225	0.07604856512141281
R_G5SADs	spontaneous	0.0	0.0
R_G5SD	WP_015926009.1	406.0	1.7924944812362031
R_G5SD2	WP_015926009.1	406.0	1.7924944812362031
R_G6PI	WP_015924943.1	645.2	2.8485651214128036
R_GAL6PI	WP_012634711.1	90.15	0.3980132450331126
R_GALCTLO	WP_015924473.1	177.6	0.7841059602649006
R_GALK2	WP_015926586.1	307.0	1.3554083885209713
R_GALKr	WP_015926586.1	327.0	1.4437086092715232
R_GALM1	WP_015924930.1	295.0	1.3024282560706402
R_GALM2	WP_015924930.1	293.5	1.2958057395143487
R_GALMAN4	WP_015924376.1	58.65	0.2589403973509934
R_GALMAN4abc	(WP_015925230.1 and WP_015925231.1)	136.35999999999999	0.6020309050772626
R_GALMAN6	WP_015924376.1	58.65	0.2589403973509934
R_GALMAN6abc	(WP_015925230.1 and WP_015925231.1)	136.35999999999999	0.6020309050772626
R_GALS3	(WP_015924521.1 or WP_015924523.1 or WP_015926766.1)	577.0	2.5474613686534218
R_GALT	WP_015925701.1	474.2	2.0935982339955848
R_GALTpts	WP_015924346.1	27.35	0.1207505518763797
R_GALUi	(WP_015924489.1 or WP_015926747.1)	424.9	1.8759381898454746
R_GALabcpp	((WP_015924592.1 and WP_015924906.1) or (WP_015924728.1 and WP_015924730.1 and WP_015924731.1 and WP_174258523.1) or (WP_015924728.1 and WP_015924730.1 and WP_015924731.1) or (WP_015924730.1 and WP_174258523.1) or WP_015924906.1)	294.575	1.3005518763796908
R_GALpts	WP_015924346.1	15.025	0.0663355408388521
R_GALt2_3	WP_041706401.1	136.3	0.601766004415011
R_GAMpts	WP_015924346.1	30.05	0.1326710816777042
R_GAPD	WP_015925704.1	486.9	2.1496688741721854
R_GARFT	WP_015925619.1	204.1	0.9011037527593819
R_GART	WP_015925619.1	200.3	0.884326710816777
R_GBBTNabc	WP_012634647.1	35.05	0.15474613686534214
R_GBDM	WP_015924622.1	80.9	0.35717439293598235
R_GCCc	WP_015924462.1	24.45	0.10794701986754966
R_GCVHRADPr	WP_012634643.1	75.9	0.3350993377483444
R_GDOCBIK	WP_015924194.1	181.0	0.7991169977924945
R_GDPDPK	(WP_015925288.1 or WP_015925403.1)	818.9	3.6154525386313465
R_GDPDPKE	(WP_015925288.1 or WP_015925403.1)	818.9	3.6154525386313465
R_GDTPR	WP_015925288.1	74.3	0.3280353200883002
R_GF6PTA	WP_015924714.1	766.1	3.38233995584989
R_GG15DAPAH	WP_015926697.1	130.2	0.5748344370860927
R_GGDAPAH	WP_015926697.1	130.2	0.5748344370860927
R_GGGABAH	WP_015926697.1	130.2	0.5748344370860927
R_GGTT	(WP_015925019.1 or WP_015925355.1)	260.4	1.1496688741721854
R_GHMT2r	WP_015925146.1	555.8	2.4538631346578366
R_GK1	WP_207635556.1	204.9	0.904635761589404
R_GK2	WP_207635556.1	204.9	0.904635761589404
R_GLBRAN2	WP_012634508.1	839.0	3.704194260485651
R_GLCAt2	WP_041706401.1	136.3	0.601766004415011
R_GLCMAN4	WP_015924376.1	78.2	0.34525386313465783
R_GLCMAN4abc	(WP_015925230.1 and WP_015925231.1)	136.35999999999999	0.6020309050772626
R_GLCMAN6	WP_015924376.1	78.2	0.34525386313465783
R_GLCMAN6abc	(WP_015925230.1 and WP_015925231.1)	136.35999999999999	0.6020309050772626
R_GLCURS1	WP_012634595.1	796.2	3.5152317880794706
R_GLCabc	((WP_012634654.1 and WP_015926592.1) or (WP_015924545.1 and WP_015924646.1) or WP_242651738.1)	84.63333333333334	0.3736571008094187
R_GLCabcpp	((WP_015924534.1 and WP_015926593.1) or (WP_015924592.1 and WP_015924906.1) or WP_015924906.1)	123.26666666666667	0.5442236938925681
R_GLCpts	WP_015924346.1	18.233333333333334	0.08050036791758647
R_GLCt2	WP_015925129.1	62.0	0.2737306843267108
R_GLGC	(WP_015926740.1 or WP_015926741.1)	421.8	1.862251655629139
R_GLNS_1	WP_015924115.1	659.4	2.911258278145695
R_GLNabc	((WP_015925098.1 and WP_015925102.1 and WP_015926002.1) or WP_015924418.1 or WP_015926002.1 or WP_015926003.1 or WP_174258521.1 or WP_242651785.1)	321.2	1.418101545253863
R_GLNabcpp	((WP_174258521.1 and WP_242651801.1) or WP_174258521.1)	121.7	0.5373068432671082
R_GLS	(WP_012634655.1 or WP_015925872.1)	387.5	1.7108167770419427
R_GLS2	(WP_012634655.1 or WP_015925872.1)	387.5	1.7108167770419427
R_GLTPD	(WP_015924526.1 or WP_015924547.1 or WP_015926572.1)	293.9	1.2975717439293597
R_GLU5K	WP_015926239.1	268.1	1.183664459161148
R_GLUDC	WP_015924557.1	136.0	0.6004415011037527
R_GLUDy	(WP_015924712.1 or WP_015925849.1)	597.8	2.6392935982339956
R_GLUKA_1	WP_015924247.1	161.8	0.7143487858719647
R_GLUN	(WP_015924165.1 or WP_015924166.1 or WP_015925637.1 or WP_015925962.1)	1324.3	5.846799116997793
R_GLUPRT	(WP_015925621.1 or WP_242651747.1)	516.9	2.282119205298013
R_GLUR	WP_015926742.1	260.8	1.1514348785871966
R_GLUSx	WP_015925962.1	564.3	2.491390728476821
R_GLUSy	(WP_015924712.1 or WP_015925962.1)	564.3	2.491390728476821
R_GLUTRR	WP_015924779.1	150.6	0.6649006622516556
R_GLUTRS	WP_015925581.1	624.8	2.7584988962472403
R_GLUabc	((WP_015926002.1 and WP_015926003.1) or WP_015924418.1 or WP_015926002.1 or WP_015926003.1 or WP_174258521.1)	321.2	1.418101545253863
R_GLUabcpp	((WP_015924690.1 and WP_081436744.1) or WP_015924690.1 or WP_015925098.1)	53.05	0.23421633554083884
R_GLYBabc	((WP_015925751.1 and WP_015926674.1 and WP_015926675.1) or WP_012634647.1 or WP_015925751.1)	365.79999999999995	1.6150110375275937
R_GLYBt3pp	WP_015925864.1	51.6	0.22781456953642384
R_GLYC3Pabc	(WP_015924519.1 and WP_015924646.1)	64.525	0.284878587196468
R_GLYC3Pabcpp	WP_015925874.1	17.225	0.07604856512141281
R_GLYCK	WP_015926026.1	295.8	1.3059602649006623
R_GLYCK2	WP_015926026.1	269.6	1.1902869757174395
R_GLYCK_1	WP_015926026.1	278.9	1.231346578366446
R_GLYCL	WP_015924470.1	12.125	0.05353200883002208
R_GLYCLTDx	WP_015926765.1	213.4	0.9421633554083886
R_GLYCLTt2rpp	WP_015925223.1	104.8	0.4626931567328918
R_GLYCS_I	WP_015924384.1	104.8	0.4626931567328918
R_GLYCTO2	WP_015925772.1	94.7	0.41810154525386317
R_GLYCTO3	WP_015925772.1	94.7	0.41810154525386317
R_GLYCTO4	WP_015925772.1	94.7	0.41810154525386317
R_GLYCYSAP	WP_015925375.1	303.9	1.3417218543046356
R_GLYCtpp	spontaneous	0.0	0.0
R_GLYGLNabcpp	((WP_015925233.1 and WP_015925234.1) or WP_015925233.1)	65.17999999999999	0.28777041942604853
R_GLYGLUabcpp	((WP_015925233.1 and WP_015925234.1) or WP_015925233.1)	65.17999999999999	0.28777041942604853
R_GLYGLYabcpp	((WP_015925233.1 and WP_015925234.1) or WP_015925233.1)	65.17999999999999	0.28777041942604853
R_GLYK	(WP_015924549.1 or WP_015926010.1)	623.6	2.7532008830022074
R_GLYK1	WP_015926010.1	581.6	2.5677704194260484
R_GLYLEUAP	WP_015925375.1	303.9	1.3417218543046356
R_GLYMETabcpp	((WP_015925233.1 and WP_015925234.1) or WP_015925233.1)	65.17999999999999	0.28777041942604853
R_GLYPHEAP	WP_015925375.1	303.9	1.3417218543046356
R_GLYPHEabcpp	((WP_015925233.1 and WP_015925234.1) or WP_015925233.1)	65.17999999999999	0.28777041942604853
R_GLYSERabcpp	((WP_015925233.1 and WP_015925234.1) or WP_015925233.1)	65.17999999999999	0.28777041942604853
R_GLYTA	WP_015924698.1	316.2	1.3960264900662251
R_GLYTYRAP	WP_015925375.1	303.9	1.3417218543046356
R_GLYabc	(WP_015924418.1 or WP_015926002.1 or WP_015926003.1 or WP_174258521.1)	321.2	1.418101545253863
R_GLYabcpp	WP_015925098.1	27.15	0.11986754966887417
R_GLYt4	(WP_015925915.1 or WP_015925985.1)	219.9	0.9708609271523179
R_GMPS	WP_015925637.1	708.0	3.1258278145695364
R_GMPS2	(WP_015925382.1 or WP_015925637.1)	747.7	3.3011037527593823
R_GRTT	WP_015925355.1	260.4	1.1496688741721854
R_GTHRDabc2pp	WP_242651809.1	44.7	0.19735099337748346
R_GTHRDabcpp	(WP_015924158.1 and WP_015925233.1)	79.44999999999999	0.3507726269315673
R_GTHRDt2_1	((WP_015925233.1 and WP_015926246.1) or WP_015925751.1 or WP_015926002.1 or WP_015926246.1)	152.7	0.6741721854304635
R_GTPCI	WP_015924830.1	154.1	0.6803532008830022
R_GTPCII	WP_015925455.1	521.9	2.304194260485651
R_GTPCII2	WP_015925455.1	500.0	2.207505518763797
R_GTPDPK	WP_015925403.1	800.4	3.533774834437086
R_GTPDPK_1	WP_015926575.1	234.2	1.0339955849889624
R_GTPHs	spontaneous	0.0	0.0
R_GUACYC	(WP_015925347.1 or WP_015925895.1)	57.0	0.25165562913907286
R_GUAPRT	(WP_012634538.1 or WP_012634860.1 or WP_015925404.1)	197.6	0.8724061810154525
R_GUAt	WP_012634936.1	228.4	1.0083885209713024
R_GUAt2r	WP_012634661.1	461.1	2.0357615894039736
R_GUI1	WP_049756825.1	508.1	2.2432671081677706
R_GUI2	WP_049756825.1	508.1	2.2432671081677706
R_GalMr	WP_015924930.1	293.5	1.2958057395143487
R_H2CD	WP_015925653.1	45.43333333333334	0.20058866813833703
R_H2CO3D2	spontaneous	0.0	0.0
R_H2O2tex	spontaneous	0.0	0.0
R_H2Ot	spontaneous	0.0	0.0
R_H2Otex	spontaneous	0.0	0.0
R_H2Otpp	spontaneous	0.0	0.0
R_H2SO	spontaneous	0.0	0.0
R_H2St1	spontaneous	0.0	0.0
R_H2St1pp	spontaneous	0.0	0.0
R_H2tpp	spontaneous	0.0	0.0
R_HACD1	WP_015924505.1	235.0	1.0375275938189845
R_HACD1_1	WP_015924505.1	232.6	1.0269315673289183
R_HACD2	WP_015924505.1	235.0	1.0375275938189845
R_HACD3	WP_015924505.1	235.0	1.0375275938189845
R_HACD4	WP_015924505.1	235.0	1.0375275938189845
R_HACD5	WP_015924505.1	235.0	1.0375275938189845
R_HACD6	WP_015924505.1	235.0	1.0375275938189845
R_HACD7	WP_015924505.1	235.0	1.0375275938189845
R_HACD8	WP_015924505.1	235.0	1.0375275938189845
R_HACD9	WP_015924233.1	261.2	1.1532008830022074
R_HACPS	WP_012634485.1	94.4	0.4167770419426049
R_HAMR	(WP_015924294.1 or WP_015924923.1)	813.9	3.5933774834437084
R_HCO3E	spontaneous	0.0	0.0
R_HCYSMT	(WP_012634920.1 or WP_015925314.1)	272.3	1.2022075055187638
R_HETZK	(WP_015925442.1 or WP_015926454.1)	482.3	2.1293598233995588
R_HEX1	(WP_015924247.1 or WP_015925130.1 or WP_015925627.1 or WP_015926569.1 or WP_015926770.1)	194.1	0.856953642384106
R_HEX4	WP_015926569.1	194.1	0.856953642384106
R_HEX7	(WP_015924474.1 or WP_015926569.1)	201.1	0.8878587196467991
R_HEXTT	WP_015925019.1	97.85	0.432008830022075
R_HG2abcpp	WP_012634687.1	42.4	0.18719646799116998
R_HGt	WP_015925181.1	70.9	0.3130242825607064
R_HISGLYabcpp	((WP_015925233.1 and WP_015925234.1) or WP_015925233.1)	65.17999999999999	0.28777041942604853
R_HISHISabcpp	((WP_015925233.1 and WP_015925234.1) or WP_015925233.1)	65.17999999999999	0.28777041942604853
R_HISTD	WP_012634830.1	464.5	2.0507726269315674
R_HISTP	(WP_015925379.1 or WP_015925888.1)	206.8	0.9130242825607064
R_HISabc	(WP_015924418.1 or WP_015926002.1 or WP_015926003.1 or WP_174258521.1)	321.2	1.418101545253863
R_HISabcpp	(WP_015925098.1 or WP_174258521.1)	63.85	0.2818984547461369
R_HKNDDH	WP_015924402.1	58.2	0.25695364238410595
R_HKNTDH	WP_015924402.1	58.2	0.25695364238410595
R_HMBS	WP_015924782.1	206.1	0.909933774834437
R_HMPK1	WP_015925444.1	267.3	1.180132450331126
R_HMPK2	WP_015925444.1	256.1	1.1306843267108169
R_HMPK3	WP_015925444.1	256.1	1.1306843267108169
R_HMPK4	WP_015925444.1	256.1	1.1306843267108169
R_HMPPtr	WP_012634577.1	31.96666666666667	0.14113318616629875
R_HMPSCD	WP_015924683.1	76.45	0.33752759381898456
R_HPPK	WP_015924834.1	160.6	0.7090507726269315
R_HPPK2	WP_015924834.1	146.7	0.647682119205298
R_HPPK2_1	WP_015924834.1	153.3	0.6768211920529802
R_HPYRRx	(WP_015924699.1 or WP_015926765.1)	364.0	1.6070640176600441
R_HPYRRy	WP_015924699.1	364.0	1.6070640176600441
R_HSDy	WP_015924950.1	312.4	1.3792494481236202
R_HSERTA	(WP_015926672.1 or WP_015926673.1)	591.3	2.610596026490066
R_HSST	WP_015926672.1	428.3	1.8909492273730686
R_HSTPT	WP_012634831.1	230.3	1.016777041942605
R_HVCD	WP_015924505.1	235.0	1.0375275938189845
R_HXANt2r	WP_012634661.1	461.1	2.0357615894039736
R_HXPRT	WP_012634538.1	197.6	0.8724061810154525
R_HYD1pp	(WP_015925152.1 and WP_015925153.1)	70.93333333333334	0.3131714495952907
R_HYD2	(WP_012634909.1 and WP_015924584.1 and WP_015924585.1 and WP_015924586.1)	159.0875	0.7023730684326711
R_HYDA1	WP_015924587.1	10.3	0.04547461368653422
R_IBHH	WP_015926546.1	1377.8	6.083002207505518
R_ICDHyr	WP_015925991.1	498.8	2.2022075055187638
R_ID6P	(WP_015925658.1 or WP_015926027.1)	351.3	1.5509933774834437
R_IG3PS	((WP_012634834.1 and WP_012634836.1) or WP_012634834.1 or WP_012634836.1)	300.8	1.3280353200883002
R_IG3PS_1	WP_012634836.1	295.8	1.3059602649006623
R_IGPDH	WP_012634832.1	250.0	1.1037527593818985
R_IGPS	WP_015926564.1	218.0	0.9624724061810155
R_ILETA	(WP_015925267.1 or WP_041706692.1)	487.6	2.1527593818984547
R_ILEabc	(WP_015924418.1 or WP_015926002.1 or WP_015926003.1 or WP_174258521.1)	321.2	1.418101545253863
R_ILEabcpp	WP_015925098.1	27.15	0.11986754966887417
R_IMPC	WP_015925618.1	591.3	2.610596026490066
R_IMPD	(WP_012634842.1 or WP_015925246.1)	744.2	3.2856512141280354
R_INSCR	WP_015924667.1	10.86	0.047947019867549664
R_IPDPS	WP_015925194.1	580.5	2.562913907284768
R_IPMD	(WP_012634582.1 or WP_015925982.1)	445.7	1.9677704194260486
R_IPPMIa	((WP_012634580.1 and WP_012634581.1) or (WP_015925090.1 and WP_242651798.1))	460.84999999999997	2.0346578366445915
R_IPPMIb	((WP_012634580.1 and WP_012634581.1) or (WP_015925090.1 and WP_242651798.1))	460.84999999999997	2.0346578366445915
R_IPPS	(WP_015925092.1 or WP_015926773.1 or WP_015926774.1)	603.2	2.6631346578366446
R_ISETACabcpp	((WP_012634879.1 and WP_012634880.1 and WP_012634881.1) or WP_015924412.1 or WP_015925751.1)	219.5666666666667	0.9693892568064755
R_ITCY	WP_015924933.1	508.8	2.24635761589404
R_IVCS	WP_015925933.1	186.4	0.8229580573951435
R_KARA1	WP_015926775.1	454.1	2.0048565121412802
R_KARA2	WP_015926775.1	429.5	1.8962472406181015
R_KARI_1	WP_015926775.1	454.1	2.0048565121412802
R_KARI_23dhmp_1	WP_015926775.1	454.1	2.0048565121412802
R_KAS1	((WP_015924231.1 and WP_015924233.1 and WP_015924235.1 and WP_015925756.1) or (WP_015924233.1 and WP_015924235.1 and WP_015925756.1 and WP_015926447.1))	220.85000000000002	0.9750551876379692
R_KAS11	((WP_015924231.1 and WP_015924233.1 and WP_015924235.1 and WP_015925756.1) or (WP_015924233.1 and WP_015924235.1 and WP_015925756.1 and WP_015926447.1))	220.85000000000002	0.9750551876379692
R_KAS12	((WP_015924233.1 and WP_015924235.1 and WP_015925756.1 and WP_015926447.1) or (WP_015924233.1 and WP_015924235.1 and WP_015925756.1))	201.38000000000002	0.889094922737307
R_KAS13	((WP_015924231.1 and WP_015924233.1 and WP_015924235.1 and WP_015925756.1) or (WP_015924233.1 and WP_015924235.1 and WP_015925756.1 and WP_015926447.1))	220.85000000000002	0.9750551876379692
R_KAS17	((WP_015924231.1 and WP_015924233.1 and WP_015924235.1 and WP_015925756.1) or (WP_015924233.1 and WP_015924235.1 and WP_015925756.1 and WP_015926447.1))	220.85000000000002	0.9750551876379692
R_KAS2	((WP_015924231.1 and WP_015924233.1 and WP_015924235.1 and WP_015925756.1) or (WP_015924233.1 and WP_015924235.1 and WP_015925756.1 and WP_015926447.1))	220.85000000000002	0.9750551876379692
R_KAS3	((WP_015924231.1 and WP_015924233.1 and WP_015924235.1 and WP_015925756.1) or (WP_015924233.1 and WP_015924235.1 and WP_015925756.1 and WP_015926447.1))	220.85000000000002	0.9750551876379692
R_KAS4	((WP_015924231.1 and WP_015924233.1 and WP_015924235.1 and WP_015925756.1) or (WP_015924233.1 and WP_015924235.1 and WP_015925756.1 and WP_015926447.1))	220.85000000000002	0.9750551876379692
R_KAS6	((WP_015924231.1 and WP_015924233.1 and WP_015924235.1 and WP_015925756.1) or (WP_015924233.1 and WP_015924235.1 and WP_015925756.1 and WP_015926447.1))	220.85000000000002	0.9750551876379692
R_KAS7	((WP_015924231.1 and WP_015924233.1 and WP_015924235.1 and WP_015925756.1) or (WP_015924233.1 and WP_015924235.1 and WP_015925756.1 and WP_015926447.1))	220.85000000000002	0.9750551876379692
R_KAS8	((WP_015924233.1 and WP_015924235.1 and WP_015925756.1 and WP_015926447.1) or (WP_015924233.1 and WP_015924235.1 and WP_015925756.1) or (WP_015924235.1 and WP_015924722.1))	307.35	1.356953642384106
R_Kt1	(WP_015925529.1 or WP_015925530.1)	74.15	0.3273730684326711
R_Kt2r	WP_041706706.1	350.9	1.5492273730684325
R_L2OA	WP_015924507.1	245.7	1.0847682119205297
R_LAAF	(WP_015924726.1 or WP_207635554.1)	747.3	3.299337748344371
R_LACZ	(WP_015924532.1 or WP_015924744.1 or WP_015925869.1)	748.8	3.305960264900662
R_LACZpp	(WP_012634655.1 or WP_015926750.1)	361.7	1.5969094922737306
R_LADGMDH	WP_015926761.1	45.8	0.2022075055187638
R_LCTSabc	((WP_015924545.1 and WP_015924646.1) or WP_015924534.1)	84.63333333333334	0.3736571008094187
R_LCTSt3ipp	WP_015924438.1	126.7	0.5593818984547462
R_LCYSTabcpp	((WP_012634879.1 and WP_012634880.1 and WP_012634881.1) or WP_015924412.1)	219.5666666666667	0.9693892568064755
R_LDH_L	(WP_012634591.1 or WP_015925902.1)	319.7	1.4114790286975718
R_LEULEUabcpp	((WP_015925233.1 and WP_015925234.1) or WP_015925233.1)	65.17999999999999	0.28777041942604853
R_LEUTA	(WP_015925267.1 or WP_041706692.1)	487.6	2.1527593818984547
R_LEUabc	(WP_015924418.1 or WP_015926002.1 or WP_015926003.1 or WP_174258521.1)	321.2	1.418101545253863
R_LEUabcpp	WP_015925098.1	27.15	0.11986754966887417
R_LMN2	(WP_012634655.1 or WP_015925872.1)	387.5	1.7108167770419427
R_LTHRK	WP_015925028.1	250.0	1.1037527593818985
R_LYSDC	WP_012634870.1	483.0	2.1324503311258276
R_LYSabc	(WP_015924418.1 or WP_015926002.1 or WP_015926003.1 or WP_174258521.1)	321.2	1.418101545253863
R_LYSabcpp	WP_174258521.1	121.7	0.5373068432671082
R_L_LACt2r	WP_015924438.1	124.0	0.5474613686534217
R_L_LACt2rpp	WP_015925223.1	104.8	0.4626931567328918
R_L_LACt3	WP_015924438.1	124.0	0.5474613686534217
R_MALDDH	WP_015925982.1	371.3	1.6392935982339956
R_MALT	WP_015924523.1	190.7	0.8419426048565121
R_MALTHPabc	WP_242651738.1	51.36666666666667	0.22678440029433408
R_MALTHXabc	(WP_015924545.1 and WP_015926270.1)	132.6	0.5854304635761589
R_MALTTRabc	(WP_015924545.1 and WP_015926270.1)	132.6	0.5854304635761589
R_MALTabc	((WP_012634654.1 and WP_015926592.1) or (WP_015924545.1 and WP_015924646.1) or (WP_015924647.1 and WP_041706401.1 and WP_041707075.1) or WP_015924545.1 or WP_015925560.1 or WP_015926270.1 or WP_242651738.1)	418.3	1.8467991169977926
R_MALTpts	WP_015924346.1	18.233333333333334	0.08050036791758647
R_MALTt2	WP_041706401.1	136.3	0.601766004415011
R_MALt3r	WP_015925623.1	87.8	0.3876379690949227
R_MAN1PT	(WP_012634798.1 or WP_015926792.1)	542.7	2.3960264900662254
R_MAN1PT2	WP_015926792.1	285.8	1.2618101545253864
R_MAN6PI	WP_015924689.1	270.8	1.1955849889624726
R_MANAO	WP_012634593.1	644.4	2.8450331125827812
R_MANpts	WP_015924346.1	18.233333333333334	0.08050036791758647
R_MANt2	(WP_015925129.1 or WP_041706401.1)	136.3	0.601766004415011
R_MB2CFO	WP_015924507.1	270.0	1.1920529801324504
R_MCBTFUexs	spontaneous	0.0	0.0
R_MCBTS3	WP_015924498.1	74.39999999999999	0.32847682119205296
R_MCSNAH	(WP_015924439.1 or WP_015926780.1)	380.6	1.6803532008830022
R_MCTP1App	WP_015925975.1	299.3	1.321412803532009
R_MCTP1Bpp	(WP_015925975.1 or WP_015926005.1)	299.3	1.321412803532009
R_MCTP2App	WP_015925975.1	299.3	1.321412803532009
R_MDDCP1pp	(WP_015925942.1 or WP_242651755.1)	204.5	0.9028697571743929
R_MDDCP2pp	(WP_015925942.1 or WP_242651755.1)	204.5	0.9028697571743929
R_MDDCP3pp	(WP_015925942.1 or WP_242651755.1)	204.5	0.9028697571743929
R_MDDCP4pp	(WP_015925942.1 or WP_242651755.1)	204.5	0.9028697571743929
R_MDDCP5pp	(WP_015925942.1 or WP_242651755.1)	204.5	0.9028697571743929
R_MDDEP1pp	(WP_015924292.1 or WP_015926237.1 or WP_015926301.1)	104.0	0.45916114790286977
R_MDDEP2pp	(WP_015924292.1 or WP_015926237.1 or WP_015926301.1)	104.0	0.45916114790286977
R_MDDEP3pp	(WP_015924292.1 or WP_015926237.1 or WP_015926301.1)	104.0	0.45916114790286977
R_MDDEP4pp	(WP_015924292.1 or WP_015926237.1 or WP_015926301.1)	104.0	0.45916114790286977
R_MDH	(WP_015924972.1 or WP_015925902.1)	309.7	1.3673289183222959
R_ME1	WP_012634592.1	472.2	2.08476821192053
R_ME2	WP_012634592.1	521.5	2.30242825607064
R_MECDPDH2	WP_012634895.1	430.6	1.901103752759382
R_MECDPDH4E	WP_012634895.1	430.6	1.901103752759382
R_MECDPS	WP_041706423.1	75.9	0.3350993377483444
R_MELIBt3ipp	WP_015924438.1	126.7	0.5593818984547462
R_MEOHtex	spontaneous	0.0	0.0
R_MEOHtrpp	spontaneous	0.0	0.0
R_MEPCT	WP_041706854.1	219.5	0.9690949227373068
R_METAT	(WP_012634541.1 or WP_157668468.1)	596.3	2.632671081677704
R_METDabc	(WP_015925751.1 or WP_015926268.1 or WP_041707008.1 or WP_174258521.1)	55.333333333333336	0.2442972774098602
R_METDabcpp	WP_015926268.1	82.05	0.3622516556291391
R_METGLCUR	WP_015925136.1	532.7	2.3518763796909496
R_METGLCURt2pp	WP_015925141.1	195.7	0.86401766004415
R_METOX1s	spontaneous	0.0	0.0
R_METOX2s	spontaneous	0.0	0.0
R_METS	(WP_015925314.1 or WP_242651723.1)	283.9	1.2534216335540838
R_METSOXR1	WP_015925646.1	61.25	0.2704194260485651
R_METSOXR2	WP_015925646.1	61.25	0.2704194260485651
R_METSRabc	(WP_015926268.1 or WP_174258521.1)	54.06666666666666	0.23870493009565855
R_METSabc	(WP_015926268.1 or WP_174258521.1)	54.06666666666666	0.23870493009565855
R_METabc	(WP_015924418.1 or WP_015926002.1 or WP_015926003.1 or WP_015926268.1 or WP_174258521.1)	321.2	1.418101545253863
R_METabcpp	(WP_015925098.1 or WP_015926268.1)	82.05	0.3622516556291391
R_MGSA	(WP_015924891.1 or WP_015925971.1 or spontaneous)	169.1	0.7465783664459161
R_MGt5	(WP_015924432.1 or WP_015925453.1 or WP_242651750.1)	317.8	1.4030905077262694
R_MI1PP	WP_015925888.1	166.0	0.7328918322295805
R_MLDCP1App	(WP_015925249.1 or WP_015926005.1)	52.8	0.23311258278145694
R_MLDCP1Bpp	(WP_015925249.1 or WP_015926005.1)	52.8	0.23311258278145694
R_MLDCP2App	(WP_015925249.1 or WP_015926005.1)	52.8	0.23311258278145694
R_MLDCP2Bpp	(WP_015925249.1 or WP_015926005.1)	52.8	0.23311258278145694
R_MLDCP3App	(WP_015925249.1 or WP_015926005.1)	52.8	0.23311258278145694
R_MLDEP1pp	(WP_012634916.1 or WP_015926237.1 or WP_015926266.1)	101.3	0.44724061810154525
R_MLDEP2pp	(WP_012634916.1 or WP_015926237.1 or WP_015926266.1)	101.3	0.44724061810154525
R_MLG	WP_015926077.1	179.5	0.7924944812362031
R_MLTG1	WP_015924523.1	198.4	0.8759381898454747
R_MLTG2	WP_015924523.1	198.4	0.8759381898454747
R_MLTG3	WP_015924523.1	198.4	0.8759381898454747
R_MLTG4	WP_015924523.1	198.4	0.8759381898454747
R_MLTG5	WP_015924523.1	198.4	0.8759381898454747
R_MLTGY1pp	(WP_015924355.1 or WP_015925520.1)	124.4	0.5492273730684327
R_MLTGY2pp	(WP_015924355.1 or WP_015925520.1)	124.4	0.5492273730684327
R_MLTGY3pp	(WP_015924355.1 or WP_015925520.1)	124.4	0.5492273730684327
R_MLTGY4pp	(WP_015924355.1 or WP_015925520.1)	124.4	0.5492273730684327
R_MN2tipp	WP_015924911.1	122.1	0.5390728476821192
R_MN2tpp	WP_015924926.1	69.7	0.3077262693156733
R_MN6PP	WP_015925642.1	142.9	0.6309050772626932
R_MNLDH2	WP_015924473.1	170.6	0.7532008830022074
R_MNLDHr	WP_015924473.1	170.6	0.7532008830022074
R_MNLpts	WP_015924346.1	18.233333333333334	0.08050036791758647
R_MNNH	(WP_012634594.1 or WP_015925140.1)	547.0	2.4150110375275937
R_MNabc	(WP_015925564.1 or WP_015926577.1)	540.4	2.385871964679912
R_MNabc_1	(WP_015926753.1 or WP_015926754.1)	57.13333333333333	0.2522442972774099
R_MNt2	WP_015924336.1	509.2	2.248123620309051
R_MOBDabc	(WP_015925068.1 or WP_157668448.1)	41.46666666666667	0.1830757910228109
R_MOBDabc_rev	WP_157668448.1	41.46666666666667	0.1830757910228109
R_MOBDabcpp	WP_015925751.1	28.3	0.12494481236203091
R_MOHMT	WP_015925252.1	332.4	1.467549668874172
R_MPL	WP_015926590.1	355.1	1.5677704194260487
R_MPTG	((WP_012634926.1 and WP_041706510.1) or WP_012634922.1 or WP_041706510.1)	325.9	1.4388520971302428
R_MPTG2	((WP_012634926.1 and WP_041706510.1) or WP_041706510.1)	116.83333333333333	0.5158204562178071
R_MSO3abcpp	((WP_012634879.1 and WP_012634880.1 and WP_012634881.1) or WP_015924412.1)	219.5666666666667	0.9693892568064755
R_MS_1	WP_015925146.1	508.8	2.24635761589404
R_MTAN	WP_015924860.1	142.1	0.627373068432671
R_MTHFC	WP_015924154.1	312.0	1.3774834437086092
R_MTHFD	WP_015924154.1	312.0	1.3774834437086092
R_MTHFR	WP_242651723.1	272.7	1.2039735099337747
R_MTHFR3	WP_242651723.1	272.7	1.2039735099337747
R_MTHFR3_1	WP_242651723.1	249.2	1.1002207505518764
R_MTHTHFSs	spontaneous	0.0	0.0
R_MTRI	WP_015924794.1	323.9	1.4300220750551875
R_MTRK	WP_015924793.1	279.3	1.233112582781457
R_N2Otpp	spontaneous	0.0	0.0
R_NADDP	(WP_015925428.1 or WP_015926298.1)	304.3	1.3434878587196468
R_NADDPp_1	WP_015925428.1	315.8	1.3942604856512142
R_NADH10	WP_015925152.1	9.32	0.041147902869757176
R_NADH4	WP_015924626.1	302.0	1.3333333333333333
R_NADH6	(WP_015925666.1 and WP_015925667.1 and WP_015925670.1)	501.93333333333334	2.2160412067696837
R_NADH9	WP_015925152.1	9.32	0.041147902869757176
R_NADHHR	(WP_015925704.1 or spontaneous)	454.9	2.008388520971302
R_NADHHS	(WP_015925704.1 or spontaneous)	454.9	2.008388520971302
R_NADHPO	WP_015925900.1	300.8	1.3280353200883002
R_NADHXD	WP_015926288.1	213.0	0.9403973509933775
R_NADHXE	WP_015926288.1	213.0	0.9403973509933775
R_NADK	WP_015925351.1	172.6	0.7620309050772627
R_NADPHHR	(WP_015925704.1 or spontaneous)	454.9	2.008388520971302
R_NADPHHS	(WP_015925704.1 or spontaneous)	454.9	2.008388520971302
R_NADPHXD	WP_015926288.1	213.0	0.9403973509933775
R_NADPHXE	WP_015926288.1	213.0	0.9403973509933775
R_NADS1	WP_015924709.1	650.6	2.8724061810154526
R_NADS2	WP_015924709.1	650.6	2.8724061810154526
R_NADTRHD	(WP_015924469.1 or WP_015924470.1)	51.2	0.2260485651214128
R_NAPRT	WP_015926340.1	595.5	2.629139072847682
R_NAabc	(WP_012634495.1 or WP_015925939.1)	163.7	0.7227373068432671
R_NAabcO	WP_012634747.1	76.05	0.3357615894039735
R_NAt3_1	WP_041706802.1	393.3	1.7364238410596027
R_NAt3_2	WP_015925862.1	229.95	1.0152317880794701
R_NBAHH_ir	WP_015925706.1	58.9	0.2600441501103753
R_NH3c	spontaneous	0.0	0.0
R_NH4tex	spontaneous	0.0	0.0
R_NH4tpp	spontaneous	0.0	0.0
R_NHFRBO	WP_012634773.1	196.25	0.8664459161147903
R_NI2abcpp	WP_012634687.1	42.4	0.18719646799116998
R_NI2t4pp	WP_015924432.1	36.975	0.1632450331125828
R_NI2uabcpp	((WP_015924692.1 and WP_015924693.1 and WP_015924694.1) or (WP_015924884.1 and WP_015925233.1) or WP_015925233.1)	262.3	1.1580573951434878
R_NIabc	WP_015926268.1	88.2	0.3894039735099338
R_NMNAT	(WP_012634682.1 or WP_015924865.1)	184.1	0.81280353200883
R_NMNDA	WP_015924223.1	115.9	0.5116997792494481
R_NNAM	(WP_015924594.1 or WP_015925537.1)	80.9	0.35717439293598235
R_NNATr	(WP_012634682.1 or WP_015924865.1)	184.1	0.81280353200883
R_NNDPR	WP_015926818.1	302.0	1.3333333333333333
R_NO3R1bpp	WP_015924181.1	12.16	0.05368653421633554
R_NO3abc	(WP_015924412.1 or WP_041706909.1)	154.5	0.6821192052980133
R_NO3abcpp	WP_015924412.1	42.55	0.1878587196467991
R_NOVBCNtex	spontaneous	0.0	0.0
R_NOX	(WP_015924656.1 or WP_015925900.1)	495.0	2.185430463576159
R_NOtpp	spontaneous	0.0	0.0
R_NP1_1	WP_015926721.1	289.3	1.277262693156733
R_NTD1	(WP_015924684.1 or WP_015925268.1)	218.8	0.9660044150110376
R_NTD10	(WP_015924684.1 or WP_015925936.1)	282.3	1.2463576158940397
R_NTD12	WP_015925268.1	218.8	0.9660044150110376
R_NTD2	WP_015924684.1	160.6	0.7090507726269315
R_NTD3	(WP_015924684.1 or WP_015925268.1)	218.8	0.9660044150110376
R_NTD4	WP_015924684.1	160.6	0.7090507726269315
R_NTD5	(WP_015924684.1 or WP_015925268.1)	218.8	0.9660044150110376
R_NTD6	(WP_015924684.1 or WP_015925268.1 or WP_015925936.1)	282.3	1.2463576158940397
R_NTD7	(WP_015924684.1 or WP_015925936.1)	282.3	1.2463576158940397
R_NTD8	(WP_015924684.1 or WP_015925268.1 or WP_015925936.1)	282.3	1.2463576158940397
R_NTD9	(WP_015924684.1 or WP_015925936.1)	282.3	1.2463576158940397
R_NTP1	WP_015925263.1	284.3	1.255187637969095
R_NTP3	((WP_012634769.1 and WP_012634770.1 and WP_015924569.1) or WP_012634769.1 or WP_012634901.1 or WP_015926359.1 or WP_015926453.1 or WP_015926704.1 or WP_049756794.1)	857.1	3.7841059602649008
R_NTP5	WP_015924854.1	290.4	1.282119205298013
R_NTPP1	WP_015926437.1	279.3	1.233112582781457
R_NTPP10	WP_015926437.1	279.3	1.233112582781457
R_NTPP2	WP_015926437.1	279.3	1.233112582781457
R_NTPP3	WP_015926437.1	279.3	1.233112582781457
R_NTPP4	WP_015926437.1	279.3	1.233112582781457
R_NTPP5	WP_015926437.1	279.3	1.233112582781457
R_NTPP6	WP_015926437.1	279.3	1.233112582781457
R_NTPP7	(WP_015925980.1 or WP_015926437.1)	279.3	1.233112582781457
R_NTPP8	(WP_015925980.1 or WP_015926437.1)	279.3	1.233112582781457
R_NTPP9	WP_015926437.1	279.3	1.233112582781457
R_NTPTP1	WP_015925269.1	161.0	0.7108167770419426
R_O2XOADOX	WP_015924462.1	24.45	0.10794701986754966
R_O2tex	spontaneous	0.0	0.0
R_O2tpp	spontaneous	0.0	0.0
R_OAADC	(WP_012634592.1 or WP_015925138.1)	471.9	2.0834437086092716
R_OBTFL	(WP_015925996.1 or WP_015925997.1)	1111.7	4.908167770419427
R_OCBT	WP_015926276.1	323.6	1.4286975717439294
R_OCBT_1	WP_015926276.1	351.7	1.5527593818984546
R_OHCUDC2	spontaneous	0.0	0.0
R_OIVD1r	((WP_015924470.1 and WP_015926789.1) or WP_015926789.1)	84.10000000000001	0.3713024282560707
R_OIVD2	((WP_015924470.1 and WP_015926789.1) or WP_015926789.1)	84.10000000000001	0.3713024282560707
R_OIVD3	((WP_015924470.1 and WP_015926789.1) or WP_015926789.1)	84.10000000000001	0.3713024282560707
R_OMCDC	(WP_012634582.1 or spontaneous)	445.7	1.9677704194260486
R_OMPDC	WP_015924164.1	219.2	0.9677704194260485
R_ORNDC	WP_012634870.1	483.0	2.1324503311258276
R_ORNTA	WP_015926273.1	373.6	1.6494481236203091
R_ORNTAC	WP_015925544.1	385.6	1.7024282560706403
R_ORNabcpp	WP_174258521.1	85.13333333333334	0.3758646063281825
R_OXFOt4pp	WP_015925816.1	154.1	0.6803532008830022
R_P5CR	WP_015925221.1	251.5	1.1103752759381897
R_P5CRx	WP_015925221.1	238.8	1.0543046357615895
R_PA120abcpp	(WP_015925235.1 or WP_015926692.1)	332.8	1.4693156732891832
R_PA140abcpp	WP_015926692.1	332.8	1.4693156732891832
R_PA141abcpp	WP_015926692.1	332.8	1.4693156732891832
R_PA160abcpp	(WP_015925235.1 or WP_015926692.1)	332.8	1.4693156732891832
R_PA161abcpp	(WP_015925235.1 or WP_015926692.1)	332.8	1.4693156732891832
R_PA180abcpp	(WP_015925235.1 or WP_015926692.1)	332.8	1.4693156732891832
R_PA181abcpp	(WP_015925235.1 or WP_015926692.1)	332.8	1.4693156732891832
R_PACALtabcpp	WP_242651809.1	82.4	0.3637969094922738
R_PACCOAL	(WP_015924218.1 or WP_015924892.1)	568.2	2.508609271523179
R_PACOAT	WP_015925167.1	67.4	0.29757174392935987
R_PANTS	WP_015925251.1	343.2	1.5152317880794701
R_PAPPT3	WP_012634925.1	280.4	1.237969094922737
R_PAPSR	(WP_015925634.1 or WP_015925646.1)	116.3	0.5134657836644592
R_PC	((WP_015924457.1 and WP_015925202.1) or WP_015924455.1 or WP_015925203.1)	525.0	2.3178807947019866
R_PDE4	WP_015924176.1	328.6	1.4507726269315675
R_PDH	((WP_015926789.1 and WP_015926790.1) or WP_015924462.1 or WP_015924470.1)	248.05	1.0951434878587196
R_PDHa	(WP_015924470.1 or WP_015926789.1)	258.1	1.139514348785872
R_PDHcr	(WP_015924462.1 or WP_015924470.1)	48.5	0.2141280353200883
R_PDIMAT	WP_015926609.1	36.06	0.15920529801324504
R_PDX5PS	WP_015926018.1	313.2	1.3827814569536423
R_PDXPP	WP_162010675.1	45.8	0.2022075055187638
R_PE120abcpp	(WP_015925235.1 or WP_015926692.1)	332.8	1.4693156732891832
R_PE140abcpp	(WP_015925235.1 or WP_015926692.1)	332.8	1.4693156732891832
R_PE141abcpp	(WP_015925235.1 or WP_015926692.1)	332.8	1.4693156732891832
R_PE160abcpp	(WP_015925235.1 or WP_015926692.1)	332.8	1.4693156732891832
R_PE161abcpp	(WP_015925235.1 or WP_015926692.1)	332.8	1.4693156732891832
R_PE180abcpp	(WP_015925235.1 or WP_015926692.1)	332.8	1.4693156732891832
R_PE181abcpp	(WP_015925235.1 or WP_015926692.1)	332.8	1.4693156732891832
R_PEALtabc	WP_015926608.1	19.266666666666666	0.0850625459896983
R_PEAMNO2pp	WP_015924088.1	48.525	0.2142384105960265
R_PEAtabcpp	WP_242651809.1	82.4	0.3637969094922738
R_PEPA	WP_015925343.1	111.3	0.4913907284768212
R_PEPCK_re	WP_012634664.1	760.4	3.357174392935982
R_PERD	WP_015924699.1	356.3	1.5730684326710818
R_PFK	(WP_015925658.1 or WP_015926027.1)	358.2	1.5814569536423841
R_PFK_2	(WP_015924527.1 or WP_015926027.1)	381.3	1.6834437086092715
R_PFK_3	(WP_015925658.1 or WP_015926027.1)	358.2	1.5814569536423841
R_PFL	(WP_015925996.1 or WP_015925997.1)	1111.7	4.908167770419427
R_PG120abcpp	(WP_015925235.1 or WP_015926692.1)	332.8	1.4693156732891832
R_PG140abcpp	(WP_015925235.1 or WP_015926692.1)	332.8	1.4693156732891832
R_PG141abcpp	(WP_015925235.1 or WP_015926692.1)	332.8	1.4693156732891832
R_PG160abcpp	(WP_015925235.1 or WP_015926692.1)	332.8	1.4693156732891832
R_PG161abcpp	(WP_015925235.1 or WP_015926692.1)	332.8	1.4693156732891832
R_PG180abcpp	(WP_015925235.1 or WP_015926692.1)	332.8	1.4693156732891832
R_PG181abcpp	(WP_015925235.1 or WP_015926692.1)	332.8	1.4693156732891832
R_PGAMT	WP_015924713.1	544.7	2.4048565121412806
R_PGCD	(WP_015924699.1 or WP_015926765.1)	387.1	1.7090507726269317
R_PGCM	WP_015924916.1	640.2	2.826490066225166
R_PGI	WP_015924943.1	671.4	2.9642384105960264
R_PGI1c	WP_015924943.1	671.4	2.9642384105960264
R_PGK	WP_041706988.1	705.7	3.1156732891832233
R_PGLYCP	(WP_015925543.1 or WP_015925898.1)	121.3	0.5355408388520971
R_PGLYCP_1	WP_012634467.1	87.8	0.3876379690949227
R_PGM	(WP_012634628.1 or WP_015924169.1 or WP_015925582.1 or WP_015925690.1)	634.4	2.8008830022075055
R_PGMT	WP_015925690.1	634.4	2.8008830022075055
R_PGMT_B	WP_015926589.1	182.2	0.8044150110375275
R_PGP120abcpp	(WP_015925235.1 or WP_015926692.1)	332.8	1.4693156732891832
R_PGP140abcpp	(WP_015925235.1 or WP_015926692.1)	332.8	1.4693156732891832
R_PGP141abcpp	(WP_015925235.1 or WP_015926692.1)	332.8	1.4693156732891832
R_PGP160abcpp	(WP_015925235.1 or WP_015926692.1)	332.8	1.4693156732891832
R_PGP161abcpp	(WP_015925235.1 or WP_015926692.1)	332.8	1.4693156732891832
R_PGP180abcpp	(WP_015925235.1 or WP_015926692.1)	332.8	1.4693156732891832
R_PGP181abcpp	(WP_015925235.1 or WP_015926692.1)	332.8	1.4693156732891832
R_PGPP160	WP_015925047.1	60.1	0.2653421633554084
R_PHEME2abcpp	WP_015926551.1	49.4	0.21810154525386313
R_PHETA1	(WP_012634831.1 or WP_015925417.1 or WP_015925643.1)	455.7	2.0119205298013245
R_PHEabc	(WP_015924418.1 or WP_015926002.1 or WP_015926003.1 or WP_174258521.1)	321.2	1.418101545253863
R_PHTHS	WP_015926764.1	23.3	0.10286975717439294
R_PHTHS2	WP_015926764.1	23.3	0.10286975717439294
R_PIabc	((WP_015925548.1 and WP_015925549.1) or WP_015925550.1)	385.6	1.7024282560706403
R_PIt2r	WP_015925562.1	303.5	1.3399558498896247
R_PIt2rpp	WP_015925562.1	307.0	1.3554083885209713
R_PIuabcpp	WP_015925547.1	36.871428571428574	0.16278776411226745
R_PLPS	((WP_015925311.1 and WP_015925312.1) or WP_015925312.1)	290.8	1.2838852097130242
R_PMANM	(WP_012634798.1 or WP_015924916.1)	640.2	2.826490066225166
R_PMPK	WP_015925444.1	279.3	1.233112582781457
R_PNP_1	WP_015926721.1	289.3	1.277262693156733
R_PNTK	WP_012634590.1	316.6	1.3977924944812363
R_PNTK_1	WP_015924252.1	74.3	0.3280353200883002
R_POAACR	WP_015926008.1	63.2	0.2790286975717439
R_POR_syn	(WP_015924110.1 and WP_015924674.1)	469.65000000000003	2.0735099337748344
R_PPA	WP_012634700.1	578.2	2.552759381898455
R_PPAKr	WP_015925578.1	536.6	2.369094922737307
R_PPBNGS	WP_015924784.1	388.3	1.7143487858719648
R_PPCDC	(WP_015926536.1 or WP_242651735.1)	199.1	0.879028697571744
R_PPCK	WP_012634664.1	760.4	3.357174392935982
R_PPCOAC	WP_015925204.1	336.25	1.4845474613686533
R_PPDIMAT	WP_015926609.1	36.06	0.15920529801324504
R_PPDOy	WP_015924528.1	196.4	0.8671081677704194
R_PPGPPDP	(WP_015925288.1 or WP_015925403.1)	818.9	3.6154525386313465
R_PPGPPDPE	WP_015925403.1	818.9	3.6154525386313465
R_PPM	(WP_012634628.1 or WP_015926553.1)	468.4	2.0679911699779248
R_PPM2	(WP_012634628.1 or WP_015926553.1)	454.5	2.006622516556291
R_PPM2_2	WP_015926553.1	468.4	2.0679911699779248
R_PPNCL	(WP_015926536.1 or WP_242651735.1)	185.7	0.8198675496688741
R_PPNCL2	(WP_015926536.1 or WP_242651735.1)	199.1	0.879028697571744
R_PPNCL2_1	WP_242651735.1	52.4	0.2313465783664459
R_PPNCL3	WP_015926536.1	199.1	0.879028697571744
R_PPND	WP_015926243.1	241.5	1.0662251655629138
R_PPND2	WP_015926243.1	241.5	1.0662251655629138
R_PPNDH	WP_012634532.1	191.0	0.8432671081677704
R_PPPGO	WP_015926714.1	132.5	0.5849889624724062
R_PPS	WP_015925810.1	146.7	0.647682119205298
R_PPTT	WP_015925019.1	97.05	0.428476821192053
R_PRAGSr	WP_015925617.1	473.4	2.090066225165563
R_PRAIS	WP_015925620.1	399.1	1.762030905077263
R_PRAIS_1	WP_015925620.1	382.5	1.6887417218543046
R_PRAIi	WP_015926565.1	144.1	0.6362030905077263
R_PRAMPC	WP_012634837.1	227.3	1.0035320088300221
R_PRAMPC_1	WP_012634837.1	206.5	0.9116997792494481
R_PRASCSi	WP_012634833.1	353.6	1.5611479028697572
R_PRATPP	(WP_012634837.1 or WP_015926437.1)	261.5	1.1545253863134657
R_PREPTHS	(WP_015924391.1 or WP_015924497.1 or WP_015925799.1 or WP_015925805.1)	690.3	3.0476821192052976
R_PREPTHS2	(WP_015924391.1 or WP_015924497.1 or WP_015925799.1 or WP_015925805.1)	690.3	3.0476821192052976
R_PRFGS	WP_012634943.1	1599.3	7.0609271523178805
R_PRMICI	WP_012634835.1	251.9	1.112141280353201
R_PROGLYabcpp	((WP_012634501.1 and WP_015925233.1 and WP_015925234.1) or (WP_012634501.1 and WP_015925234.1) or (WP_015925233.1 and WP_015925234.1) or WP_015925233.1)	129.66	0.5724503311258278
R_PROHISGLUtr	(WP_012634501.1 and WP_012634503.1)	114.0	0.5033112582781457
R_PROabc	(WP_015924418.1 or WP_015925751.1 or WP_015926002.1 or WP_015926003.1 or WP_174258521.1)	321.2	1.418101545253863
R_PROabcpp	(WP_015925098.1 or WP_015925751.1)	37.36666666666667	0.16497424576894776
R_PRPPS	WP_015926442.1	435.6	1.92317880794702
R_PSCVT	WP_015925847.1	330.5	1.4591611479028697
R_PSD120	WP_015926028.1	359.0	1.5849889624724063
R_PSD160	WP_015926028.1	359.0	1.5849889624724063
R_PSD161	WP_015926028.1	359.0	1.5849889624724063
R_PSD180	WP_015926028.1	359.0	1.5849889624724063
R_PSD181	WP_015926028.1	359.0	1.5849889624724063
R_PSP_D	WP_015926339.1	43.5	0.19205298013245034
R_PSP_L	(WP_015925189.1 or WP_015926339.1)	88.2	0.3894039735099338
R_PSSA120	WP_012634466.1	144.1	0.6362030905077263
R_PSSA160	WP_012634466.1	144.1	0.6362030905077263
R_PSSA161	WP_012634466.1	144.1	0.6362030905077263
R_PSSA180	WP_012634466.1	144.1	0.6362030905077263
R_PSSA181	WP_012634466.1	144.1	0.6362030905077263
R_PSTA	WP_015924698.1	316.2	1.3960264900662251
R_PSUDS	WP_012634797.1	118.2	0.5218543046357617
R_PTAr	WP_015925579.1	416.0	1.836644591611479
R_PTHRP	WP_242651778.1	136.0	0.6004415011037527
R_PTPATi	WP_015925333.1	188.0	0.8300220750551877
R_PTRCAT1	WP_015925409.1	57.4	0.25342163355408387
R_PTRCTA	WP_015925278.1	196.8	0.8688741721854305
R_PTRCabc	((WP_015924421.1 and WP_015924422.1 and WP_015924423.1 and WP_015924424.1) or WP_015924485.1 or WP_015925751.1 or WP_041707008.1)	350.525	1.5475717439293597
R_PTRCabcpp	WP_015925751.1	27.925	0.12328918322295807
R_PUNP1	WP_015925679.1	132.1	0.5832229580573951
R_PUNP1_1	WP_015926721.1	289.3	1.277262693156733
R_PUNP2_1	WP_015926721.1	289.3	1.277262693156733
R_PUNP3_1	WP_015926721.1	289.3	1.277262693156733
R_PUNP4_1	WP_015926721.1	289.3	1.277262693156733
R_PUNP5_1	WP_015926721.1	289.3	1.277262693156733
R_PUNP6_1	WP_015926721.1	289.3	1.277262693156733
R_PUNP7_1	WP_015926721.1	289.3	1.277262693156733
R_PYDXPP	WP_162010675.1	45.8	0.2022075055187638
R_PYK	WP_015925984.1	654.8	2.8909492273730684
R_PYK2	WP_015925984.1	654.8	2.8909492273730684
R_PYK3	WP_015925984.1	654.8	2.8909492273730684
R_PYK4	WP_015925984.1	654.8	2.8909492273730684
R_PYK5	WP_015925984.1	654.8	2.8909492273730684
R_PYNP1	WP_015925216.1	484.6	2.139514348785872
R_PYNP1_1	WP_015925216.1	452.6	1.998233995584989
R_PYNP2r	(WP_015924596.1 or WP_015925216.1)	477.2	2.1068432671081676
R_PYNP2r_1	WP_015925216.1	452.6	1.998233995584989
R_PYOVD2tex	WP_174258517.1	69.33333333333333	0.3061074319352465
R_PYOVDM1	WP_015925318.1	14.5	0.0640176600441501
R_PYOVDM2	WP_015924267.1	77.0	0.33995584988962474
R_QULNS	WP_015926820.1	336.7	1.4865342163355408
R_R5PP	WP_015925642.1	142.9	0.6309050772626932
R_RBFK	WP_012634905.1	215.3	0.950551876379691
R_RBFSa	((WP_015925454.1 and WP_015925456.1) or WP_015925454.1 or WP_015925456.1)	224.9	0.9929359823399558
R_RBFSb	((WP_015925454.1 and WP_015925456.1) or WP_015925454.1)	204.1	0.9011037527593819
R_RBK	(WP_015924595.1 or WP_041707062.1)	216.9	0.9576158940397351
R_RBK_L1	(WP_015924525.1 or WP_015926808.1)	652.1	2.879028697571744
R_RBP4E	WP_015926807.1	305.1	1.347019867549669
R_RIBFLVt2	WP_015926748.1	64.7	0.28565121412803535
R_RIBabc	((WP_012634654.1 and WP_015926592.1) or (WP_015924529.1 and WP_015925109.1 and WP_015925110.1 and WP_174258526.1) or (WP_015924545.1 and WP_015924646.1) or (WP_015924884.1 and WP_015925110.1) or (WP_015925109.1 and WP_015925110.1 and WP_015926084.1) or (WP_015925110.1 and WP_015925438.1) or (WP_015925110.1 and WP_015926087.1) or WP_174258526.1 or WP_242651738.1)	269.8666666666667	1.1914643119941133
R_RIBabc1	(WP_015924529.1 and WP_015925109.1 and WP_015925110.1 and WP_174258526.1)	224.725	0.9921633554083885
R_RIBabcpp	((WP_015924728.1 and WP_015924730.1 and WP_015924731.1 and WP_174258523.1) or (WP_015924728.1 and WP_015924730.1 and WP_015924731.1) or (WP_015924728.1 and WP_015924730.1 and WP_174258523.1) or (WP_015924730.1 and WP_174258523.1) or (WP_015925110.1 and WP_015925438.1 and WP_015926810.1) or (WP_015925110.1 and WP_015925438.1) or (WP_015925110.1 and WP_015926084.1) or WP_015925438.1)	401.4	1.772185430463576
R_RMNabc	(WP_015925230.1 and WP_015925231.1 and WP_242651803.1)	186.12	0.8217218543046357
R_RNDR1	(WP_015925646.1 or WP_015925820.1)	814.3	3.5951434878587194
R_RNDR2	(WP_015925646.1 or WP_015925820.1)	814.3	3.5951434878587194
R_RNDR3	(WP_015925646.1 or WP_015925820.1)	814.3	3.5951434878587194
R_RNDR4	(WP_015925646.1 or WP_015925820.1)	814.3	3.5951434878587194
R_RNTR1	WP_015924250.1	45.65	0.20154525386313465
R_RNTR1c	WP_015924250.1	21.95	0.09690949227373068
R_RNTR2	WP_015924250.1	45.65	0.20154525386313465
R_RNTR2_2	WP_015924249.1	994.6	4.391169977924945
R_RNTR2c	WP_015924250.1	21.95	0.09690949227373068
R_RNTR3	WP_015924250.1	45.65	0.20154525386313465
R_RNTR3_2	WP_015924249.1	994.6	4.391169977924945
R_RNTR3c	WP_015924250.1	21.95	0.09690949227373068
R_RNTR4	WP_015924250.1	45.65	0.20154525386313465
R_RNTR4_2	WP_015924249.1	994.6	4.391169977924945
R_RNTR4c	WP_015924250.1	21.95	0.09690949227373068
R_RPE	WP_015925030.1	268.1	1.183664459161148
R_RPI	(WP_012634711.1 or WP_015925107.1)	195.3	0.8622516556291391
R_SALCHS2FEabcpp	WP_015926550.1	40.45	0.17858719646799118
R_SALCHS2FEexs	spontaneous	0.0	0.0
R_SALCHS4FEabcpp	WP_015926550.1	40.45	0.17858719646799118
R_SALCHS4FEexs	spontaneous	0.0	0.0
R_SALCHS4abcpp	WP_015924701.1	221.5	0.977924944812362
R_SALCpts	WP_015924346.1	30.05	0.1326710816777042
R_SAMU3	WP_015924783.1	374.8	1.6547461368653422
R_SAOR	WP_015924233.1	261.2	1.1532008830022074
R_SARCOX	WP_015924462.1	11.45	0.05055187637969095
R_SARCOX2	WP_015924462.1	11.45	0.05055187637969095
R_SBTD_D2	(WP_015924473.1 or WP_015924547.1 or WP_015925626.1 or WP_015926572.1)	308.1	1.3602649006622518
R_SBTpts	WP_015924346.1	30.05	0.1326710816777042
R_SBTt2	WP_041706401.1	136.3	0.601766004415011
R_SELabcpp	WP_015925751.1	26.675	0.11777041942604857
R_SELtpp	WP_015925751.1	26.775	0.11821192052980131
R_SERAT	WP_015926666.1	179.9	0.7942604856512141
R_SERGLUGLNtr	(WP_012634501.1 and WP_012634503.1)	114.0	0.5033112582781457
R_SERabc	(WP_015924418.1 or WP_015926002.1 or WP_015926003.1 or WP_174258521.1)	321.2	1.418101545253863
R_SHEME2abcpp	WP_015926551.1	49.4	0.21810154525386313
R_SHK3Dr	WP_015924212.1	196.1	0.8657836644591611
R_SHKK	WP_012634820.1	120.9	0.5337748344370861
R_SHSL1	WP_015925414.1	523.9	2.3130242825607064
R_SHSL2r	WP_015926673.1	591.3	2.610596026490066
R_SKDH_1	WP_015924212.1	182.6	0.8061810154525386
R_SLGH	WP_015925401.1	134.0	0.5916114790286976
R_SLNTabcpp	WP_015925751.1	26.675	0.11777041942604857
R_SLNTtpp	WP_015925751.1	26.775	0.11821192052980131
R_SMIA1	WP_015926550.1	41.125	0.1815673289183223
R_SMIA1Eabc	WP_015926550.1	41.125	0.1815673289183223
R_SMIA1abc	WP_015926550.1	41.125	0.1815673289183223
R_SMIA2abc	WP_015926550.1	41.125	0.1815673289183223
R_SMIB1	WP_015926550.1	41.125	0.1815673289183223
R_SO3abcpp	WP_015925751.1	28.3	0.12494481236203091
R_SO4t2	WP_015925044.1	41.6	0.1836644591611479
R_SOTA	WP_015925080.1	299.7	1.32317880794702
R_SPMDabc	(WP_015924421.1 or WP_015924423.1 or WP_015925751.1 or WP_041707008.1)	463.0	2.0441501103752757
R_SPMDabcpp	WP_015925751.1	27.925	0.12328918322295807
R_SPMDt3pp	((WP_015925864.1 and WP_015925864.1) or WP_015925864.1)	49.099999999999994	0.21677704194260483
R_SPMS	WP_242651718.1	45.1	0.19911699779249448
R_SPODM	WP_015924238.1	167.9	0.741280353200883
R_SPT_syn	WP_015924698.1	316.2	1.3960264900662251
R_SPTc	WP_015924698.1	339.3	1.4980132450331127
R_STFRNAt	WP_015924632.1	27.15	0.11986754966887417
R_SUCBZL	WP_015926599.1	146.4	0.6463576158940397
R_SUCRabcpp_syn	(WP_015924543.1 and WP_015926349.1)	47.275000000000006	0.20871964679911703
R_SUCRt2	WP_041706401.1	136.3	0.601766004415011
R_SUCpts	WP_015924346.1	27.35	0.1207505518763797
R_SULFACabcpp	((WP_012634879.1 and WP_012634880.1 and WP_012634881.1) or WP_015924412.1)	219.5666666666667	0.9693892568064755
R_SULabc	(WP_015925068.1 or WP_015925751.1)	29.75	0.13134657836644592
R_SULabcpp	WP_015925751.1	28.6	0.1262693156732892
R_St	spontaneous	0.0	0.0
R_T2ECR	WP_015924507.1	270.0	1.1920529801324504
R_TARTDC	WP_015925982.1	359.0	1.5849889624724063
R_TAURabc	(WP_015924410.1 or WP_015925751.1)	35.56666666666667	0.15702722590139812
R_TAURabcpp	((WP_012634879.1 and WP_012634880.1 and WP_012634881.1) or WP_015924412.1 or WP_015925751.1)	219.5666666666667	0.9693892568064755
R_TCYNTtpp	spontaneous	0.0	0.0
R_TECA1S45	WP_015926282.1	24.849999999999998	0.1097130242825607
R_TECA2S45	WP_015926282.1	14.91	0.06582781456953643
R_TECA3S45	WP_015926282.1	21.3	0.09403973509933775
R_TGBPA	WP_015924527.1	196.45	0.8673289183222957
R_THD2pp	WP_015924469.1	42.7	0.18852097130242826
R_THFAT	WP_015925146.1	547.4	2.4167770419426047
R_THIORDXi	(WP_015925128.1 or WP_015925646.1)	61.25	0.2704194260485651
R_THMabc	WP_012634577.1	31.96666666666667	0.14113318616629875
R_THRA	(WP_015924185.1 or WP_015925146.1)	521.2	2.3011037527593823
R_THRA2	WP_015925146.1	505.0	2.2295805739514347
R_THRD	WP_015924548.1	145.2	0.6410596026490065
R_THRPDC	WP_015924792.1	225.7	0.9964679911699779
R_THRS	WP_015924948.1	479.9	2.118763796909492
R_THRabc	(WP_015924418.1 or WP_015926002.1 or WP_015926003.1 or WP_174258521.1)	321.2	1.418101545253863
R_THRt2r	WP_015925013.1	57.4	0.25342163355408387
R_THYMt	WP_012634936.1	228.4	1.0083885209713024
R_THZPSN	WP_015924104.1	42.0	0.18543046357615894
R_TKT1	WP_015926755.1	716.8	3.1646799116997792
R_TKT2	WP_015926755.1	716.8	3.1646799116997792
R_TMDPK	WP_015925031.1	143.3	0.6326710816777043
R_TMDPP	WP_015925216.1	477.2	2.1068432671081676
R_TMDS	WP_015924811.1	414.1	1.8282560706401767
R_TMPPP	(WP_015925441.1 or WP_015925444.1)	256.1	1.1306843267108169
R_TNTHAC1	spontaneous	0.0	0.0
R_TNTHAC2	spontaneous	0.0	0.0
R_TNTR1	WP_015924622.1	177.6	0.7841059602649006
R_TNTR2	WP_015924622.1	177.6	0.7841059602649006
R_TPI	WP_041706988.1	705.7	3.1156732891832233
R_TRDR	(WP_015924462.1 or WP_015924471.1 or WP_015925245.1 or WP_015925646.1)	296.2	1.3077262693156733
R_TREabc	WP_242651738.1	51.36666666666667	0.22678440029433408
R_TREpts	WP_015924346.1	20.033333333333335	0.08844738778513614
R_TRPS1	((WP_015925868.1 and WP_015926567.1) or (WP_015926566.1 and WP_015926567.1) or WP_015924599.1 or WP_015926566.1)	424.9	1.8759381898454746
R_TRPS2	WP_015926566.1	553.1	2.441942604856512
R_TRPS3	(WP_015924599.1 or WP_015926567.1)	252.7	1.1156732891832228
R_TRPTA	(WP_015925417.1 or WP_015925643.1)	433.3	1.9130242825607064
R_TRPabc	(WP_015924418.1 or WP_015926002.1 or WP_015926003.1 or WP_174258521.1)	321.2	1.418101545253863
R_TSULDHpp1	WP_015925101.1	64.96666666666667	0.28682855040470934
R_TSULDHpp2	WP_015925101.1	64.96666666666667	0.28682855040470934
R_TSULDHpp3	WP_015925101.1	64.96666666666667	0.28682855040470934
R_TSULabc	(WP_015925068.1 or WP_015925751.1)	29.75	0.13134657836644592
R_TSULabcpp	WP_015925751.1	28.3	0.12494481236203091
R_TYRTA	(WP_012634831.1 or WP_015925417.1 or WP_015925643.1)	455.7	2.0119205298013245
R_TYRabc	(WP_015924418.1 or WP_015926002.1 or WP_015926003.1 or WP_174258521.1)	321.2	1.418101545253863
R_UAAGDS	WP_012634923.1	431.4	1.9046357615894038
R_UAG2E	WP_242651788.1	496.1	2.1902869757174392
R_UAG2EMA	WP_242651788.1	496.1	2.1902869757174392
R_UAGCVT	(WP_012634732.1 or WP_015926729.1 or WP_041706704.1 or WP_049756827.1)	509.2	2.248123620309051
R_UAGCVT_1	WP_049756827.1	278.1	1.227814569536424
R_UAGDP	(WP_015924489.1 or WP_015926443.1)	146.4	0.6463576158940397
R_UAGHD	WP_242651806.1	265.8	1.1735099337748345
R_UAGPT3	(WP_012634489.1 or WP_012634927.1)	305.1	1.347019867549669
R_UAMAGS	WP_015925192.1	437.2	1.930242825607064
R_UAMAS	WP_015926446.1	490.7	2.16644591611479
R_UAPGR	WP_242651806.1	280.4	1.237969094922737
R_UDCPDP	WP_015924659.1	214.5	0.9470198675496688
R_UDCPDPex	WP_015924659.1	214.5	0.9470198675496688
R_UDPG4E	(WP_012634816.1 or WP_015924490.1 or WP_015926585.1)	510.4	2.2534216335540838
R_UGMDDS	WP_012634924.1	330.1	1.457395143487859
R_UMPK	(WP_012634888.1 or WP_015925195.1)	306.2	1.3518763796909492
R_UPP3MT	WP_015924783.1	374.8	1.6547461368653422
R_UPP3S	WP_015924783.1	374.8	1.6547461368653422
R_UPPRT	(WP_012634712.1 or WP_015924161.1)	308.9	1.3637969094922737
R_URAt	WP_012634936.1	228.4	1.0083885209713024
R_URAt2pp	WP_012634929.1	464.5	2.0507726269315674
R_URIDK2r	(WP_012634610.1 or WP_012634888.1)	306.2	1.3518763796909492
R_URIK1	WP_015924933.1	508.8	2.24635761589404
R_URIK2	WP_015924933.1	508.8	2.24635761589404
R_URIK3	WP_015924933.1	508.8	2.24635761589404
R_UT6PT	(WP_015925658.1 or WP_015926027.1)	351.3	1.5509933774834437
R_UTCY	WP_015924933.1	508.8	2.24635761589404
R_UTUP	WP_015924933.1	508.8	2.24635761589404
R_VALTA	(WP_015925267.1 or WP_041706692.1)	487.6	2.1527593818984547
R_VALabc	(WP_015924418.1 or WP_015926002.1 or WP_015926003.1 or WP_174258521.1)	321.2	1.418101545253863
R_VALabcpp	WP_015925098.1	27.15	0.11986754966887417
R_VALt2rpp	WP_015926012.1	41.4	0.18278145695364237
R_VALt3pp	WP_015926012.1	41.2	0.1818984547461369
R_VCOAD	(WP_015924507.1 or WP_015925093.1)	246.5	1.0883002207505519
R_VOR2bE	WP_015924108.1	395.2	1.744812362030905
R_VPAMTr	WP_015925310.1	217.6	0.9607064017660044
R_XPPT	WP_015924904.1	223.8	0.9880794701986756
R_XYLANabc	(WP_015925230.1 and WP_015925231.1 and WP_015925233.1)	179.26000000000002	0.7914348785871965
R_XYLI1	WP_015926769.1	673.3	2.9726269315673286
R_XYLI2	WP_015926769.1	673.3	2.9726269315673286
R_XYLK	WP_015926771.1	637.9	2.816335540838852
R_XYLOS1	(WP_012634655.1 or WP_015925872.1)	387.5	1.7108167770419427
R_XYLOS2	(WP_012634655.1 or WP_015925872.1)	387.5	1.7108167770419427
R_XYLOS3	(WP_012634655.1 or WP_015925872.1)	387.5	1.7108167770419427
R_XYLabc	((WP_015925230.1 and WP_015925231.1 and WP_015925233.1) or (WP_015925436.1 and WP_015925438.1))	179.26000000000002	0.7914348785871965
R_XYLabcpp	(WP_012634509.1 and WP_015926084.1 and WP_049756869.1)	302.09999999999997	1.3337748344370859
R_XYLe	(WP_015924454.1 or WP_015925748.1)	361.7	1.5969094922737306
R_XYLt2	WP_041706401.1	136.3	0.601766004415011
R_YUMPS	WP_012634904.1	102.85	0.454083885209713
R_ZN2abcpp	(WP_012634686.1 or WP_012634687.1)	645.6	2.8503311258278146
R_ZN2t4pp	WP_015924432.1	36.975	0.1632450331125828
R_ZN2tpp	WP_015924926.1	69.7	0.3077262693156733
R_ZNabc	(WP_012634686.1 or WP_015924668.1 or WP_041707008.1)	682.9	3.015011037527594
R_ZNabcpp	((WP_015924884.1 and WP_015926753.1) or WP_015926246.1 or WP_015926753.1 or WP_015926754.1)	57.13333333333333	0.2522442972774099
R_r0191	(WP_015925658.1 or WP_015926027.1)	351.3	1.5509933774834437
R_r0280	WP_015925984.1	654.8	2.8909492273730684
R_r2136	WP_015925551.1	67.8	0.2993377483443708
R_r2465_1	(WP_012634708.1 or WP_015924432.1 or WP_015925453.1 or WP_242651750.1)	317.8	1.4030905077262694
